-- phpMyAdmin SQL Dump
-- version 5.2.0
-- https://www.phpmyadmin.net/
--
-- Host: 127.0.0.1
-- Generation Time: Dec 08, 2022 at 11:48 PM
-- Server version: 10.4.24-MariaDB
-- PHP Version: 8.1.6

SET SQL_MODE = "NO_AUTO_VALUE_ON_ZERO";
START TRANSACTION;
SET time_zone = "+00:00";


/*!40101 SET @OLD_CHARACTER_SET_CLIENT=@@CHARACTER_SET_CLIENT */;
/*!40101 SET @OLD_CHARACTER_SET_RESULTS=@@CHARACTER_SET_RESULTS */;
/*!40101 SET @OLD_COLLATION_CONNECTION=@@COLLATION_CONNECTION */;
/*!40101 SET NAMES utf8mb4 */;

--
-- Database: `kamus-sunda`
--

-- --------------------------------------------------------

--
-- Table structure for table `admin`
--

CREATE TABLE `admin` (
  `id` int(11) NOT NULL,
  `name` varchar(126) DEFAULT NULL,
  `username` varchar(126) DEFAULT NULL,
  `password` varchar(126) DEFAULT NULL
) ENGINE=InnoDB DEFAULT CHARSET=utf8mb4;

--
-- Dumping data for table `admin`
--

INSERT INTO `admin` (`id`, `name`, `username`, `password`) VALUES
(1, 'M. Naufal Faqih', 'katowwo', '$2a$12$1ovpa1TqaV12Xb5r7RhTue2axlFOjBXLDy4GgvB/cHNk0IB/ypQ.W'),
(2, 'System', 'System', 'System');

-- --------------------------------------------------------

--
-- Table structure for table `lang_type`
--

CREATE TABLE `lang_type` (
  `id` int(10) NOT NULL,
  `lang` varchar(256) NOT NULL
) ENGINE=InnoDB DEFAULT CHARSET=utf8mb4;

--
-- Dumping data for table `lang_type`
--

INSERT INTO `lang_type` (`id`, `lang`) VALUES
(1, 'Indonesia'),
(2, 'Sunda Sedang'),
(3, 'Sunda Halus'),
(4, 'Sunda Kasar');

-- --------------------------------------------------------

--
-- Table structure for table `log`
--

CREATE TABLE `log` (
  `id` int(11) NOT NULL,
  `message` text NOT NULL,
  `author_id` int(11) NOT NULL DEFAULT 2,
  `audit_date` datetime NOT NULL DEFAULT current_timestamp()
) ENGINE=InnoDB DEFAULT CHARSET=utf8mb4;

--
-- Dumping data for table `log`
--

INSERT INTO `log` (`id`, `message`, `author_id`, `audit_date`) VALUES
(2, 'Menambahkan kata baru dengan id ', 1, '2022-12-08 19:48:28'),
(3, 'Menambahkan kata baru dengan id ', 1, '2022-12-08 19:48:28'),
(4, 'Menghapus kata dengan id 221', 1, '2022-12-08 19:48:28'),
(5, 'Menambahkan kata baru dengan id ', 1, '2022-12-08 19:48:28'),
(6, 'Menambahkan kata baru dengan id 1263', 1, '2022-12-08 19:48:28'),
(7, 'Menghapus kata dengan id 1260', 1, '2022-12-08 19:48:28'),
(8, 'Menghapus kata dengan id 1261', 1, '2022-12-08 19:48:28'),
(9, 'Menghapus kata dengan id 1262', 1, '2022-12-08 19:48:28'),
(10, 'Menghapus kata dengan id 1263', 1, '2022-12-08 19:48:28'),
(11, 'Menghapus kata dengan id 1264', 1, '2022-12-08 19:48:28'),
(12, 'Added new word: aku with id: 1265', 2, '2022-12-08 19:48:28'),
(13, 'Updated word: aku with id: 1265', 1, '2022-12-08 19:48:28'),
(14, 'Added new word: main with id: 1266', 2, '2022-12-09 05:23:20');

-- --------------------------------------------------------

--
-- Table structure for table `word`
--

CREATE TABLE `word` (
  `id` int(100) NOT NULL,
  `name` varchar(256) NOT NULL,
  `translated` varchar(256) NOT NULL,
  `type_id` int(10) NOT NULL,
  `createdAt` datetime NOT NULL DEFAULT current_timestamp(),
  `updatedAt` datetime NOT NULL DEFAULT current_timestamp()
) ENGINE=InnoDB DEFAULT CHARSET=utf8mb4;

--
-- Dumping data for table `word`
--

INSERT INTO `word` (`id`, `name`, `translated`, `type_id`, `createdAt`, `updatedAt`) VALUES
(95, 'Pagi', 'isuk', 2, '2022-12-07 19:31:49', '2022-12-07 19:32:03'),
(96, 'ini', 'ieu', 2, '2022-12-07 19:31:49', '2022-12-07 19:32:03'),
(97, 'menemani', 'maturan', 2, '2022-12-07 19:31:49', '2022-12-07 19:32:03'),
(98, 'ke', 'ka', 2, '2022-12-07 19:31:49', '2022-12-07 19:32:03'),
(99, 'kampus', 'kampus', 2, '2022-12-07 19:31:49', '2022-12-07 19:32:03'),
(100, 'untuk', 'kanggo', 2, '2022-12-07 19:31:49', '2022-12-07 19:32:03'),
(101, 'menyaksikan', 'nyaksian', 2, '2022-12-07 19:31:49', '2022-12-07 19:32:03'),
(102, 'ujian', 'ujian', 2, '2022-12-07 19:31:49', '2022-12-07 19:32:03'),
(103, 'Sebenarnya', 'saleresna', 2, '2022-12-07 19:31:49', '2022-12-07 19:32:03'),
(104, 'sekali', 'kalintang', 2, '2022-12-07 19:31:49', '2022-12-07 19:32:03'),
(105, 'karena', 'margi', 2, '2022-12-07 19:31:49', '2022-12-07 19:32:03'),
(106, 'nanti', 'antos', 2, '2022-12-07 19:31:49', '2022-12-07 19:32:03'),
(107, 'akan', 'bade', 2, '2022-12-07 19:31:49', '2022-12-07 19:32:03'),
(108, 'berhadapan', 'pahareup-hareup', 2, '2022-12-07 19:31:49', '2022-12-07 19:32:03'),
(109, 'dengan', 'kalawan', 2, '2022-12-07 19:31:49', '2022-12-07 19:32:03'),
(110, 'yang', 'anu', 2, '2022-12-07 19:31:49', '2022-12-07 19:32:03'),
(111, 'telah', 'atos', 2, '2022-12-07 19:31:49', '2022-12-07 19:32:03'),
(112, 'ia', 'manehna', 2, '2022-12-07 19:31:49', '2022-12-07 19:32:03'),
(113, 'tulis', 'serat', 2, '2022-12-07 19:31:49', '2022-12-07 19:32:03'),
(114, 'Tetapi', 'nanging', 2, '2022-12-07 19:31:49', '2022-12-07 19:32:03'),
(115, 'terus', 'teras', 2, '2022-12-07 19:31:49', '2022-12-07 19:32:03'),
(116, 'dan', 'sarta', 2, '2022-12-07 19:31:49', '2022-12-07 19:32:03'),
(117, 'agar', 'supados', 2, '2022-12-07 19:31:49', '2022-12-07 19:32:03'),
(118, 'tidak', 'henteu', 2, '2022-12-07 19:31:49', '2022-12-07 19:32:03'),
(119, 'sudah', 'atos', 2, '2022-12-07 19:31:49', '2022-12-07 19:32:03'),
(120, 'pernah', 'kantos', 2, '2022-12-07 19:31:49', '2022-12-07 19:32:03'),
(121, 'melewati', 'ngaliwatan', 2, '2022-12-07 19:31:49', '2022-12-07 19:32:03'),
(122, 'jadi', 'janten', 2, '2022-12-07 19:31:49', '2022-12-07 19:32:03'),
(123, 'dia', 'anjeunna', 2, '2022-12-07 19:31:49', '2022-12-07 19:32:03'),
(124, 'tahu', 'terang', 2, '2022-12-07 19:31:49', '2022-12-07 19:32:03'),
(125, 'sedang', 'nuju', 2, '2022-12-07 19:31:49', '2022-12-07 19:32:03'),
(126, 'rasakan', 'rasakeun', 2, '2022-12-07 19:31:49', '2022-12-07 19:32:03'),
(127, 'sekarang', 'ayeuna', 2, '2022-12-07 19:31:49', '2022-12-07 19:32:03'),
(128, 'Detik', 'detik', 2, '2022-12-07 19:31:49', '2022-12-07 19:32:03'),
(129, 'akhirnya', 'ahirna', 2, '2022-12-07 19:31:49', '2022-12-07 19:32:03'),
(130, 'datang', 'dongkap', 2, '2022-12-07 19:31:49', '2022-12-07 19:32:03'),
(131, 'juga', 'oge', 2, '2022-12-07 19:31:49', '2022-12-07 19:32:03'),
(132, 'memasuki', 'ngasupan', 2, '2022-12-07 19:31:49', '2022-12-07 19:32:03'),
(133, 'ruangan', 'rohangan', 2, '2022-12-07 19:31:49', '2022-12-07 19:32:03'),
(134, 'perasaan', 'rarasaan', 2, '2022-12-07 19:31:49', '2022-12-07 19:32:03'),
(135, 'mencoba', 'mecakan', 2, '2022-12-07 19:31:49', '2022-12-07 19:32:03'),
(136, 'mengendalikan', 'ngadalikeun', 2, '2022-12-07 19:31:49', '2022-12-07 19:32:03'),
(137, 'Pagi', 'isuk', 3, '2022-12-07 19:31:49', '2022-12-07 19:32:03'),
(138, 'ini', 'ieu', 3, '2022-12-07 19:31:49', '2022-12-07 19:32:03'),
(139, 'menemani', 'maturan', 3, '2022-12-07 19:31:49', '2022-12-07 19:32:03'),
(140, 'ke', 'ka', 3, '2022-12-07 19:31:49', '2022-12-07 19:32:03'),
(141, 'kampus', 'kampus', 3, '2022-12-07 19:31:49', '2022-12-07 19:32:03'),
(142, 'untuk', 'haturan', 3, '2022-12-07 19:31:49', '2022-12-07 19:32:03'),
(143, 'menyaksikan', 'nyaksian', 3, '2022-12-07 19:31:49', '2022-12-07 19:32:03'),
(144, 'ujian', 'ujian', 3, '2022-12-07 19:31:49', '2022-12-07 19:32:03'),
(145, 'Sebenarnya', 'saleresna', 3, '2022-12-07 19:31:49', '2022-12-07 19:32:03'),
(146, 'sekali', 'kalintang', 3, '2022-12-07 19:31:49', '2022-12-07 19:32:03'),
(147, 'karena', 'margi', 3, '2022-12-07 19:31:49', '2022-12-07 19:32:03'),
(148, 'nanti', 'antos', 3, '2022-12-07 19:31:49', '2022-12-07 19:32:03'),
(149, 'akan', 'bade', 3, '2022-12-07 19:31:49', '2022-12-07 19:32:03'),
(150, 'berhadapan', 'pahareup-hareup', 3, '2022-12-07 19:31:49', '2022-12-07 19:32:03'),
(151, 'dengan', 'kalawan', 3, '2022-12-07 19:31:49', '2022-12-07 19:32:03'),
(152, 'yang', 'anu', 3, '2022-12-07 19:31:49', '2022-12-07 19:32:03'),
(153, 'telah', 'parantos', 3, '2022-12-07 19:31:49', '2022-12-07 19:32:03'),
(154, 'ia', 'manehna', 3, '2022-12-07 19:31:49', '2022-12-07 19:32:03'),
(155, 'tulis', 'serat', 3, '2022-12-07 19:31:49', '2022-12-07 19:32:03'),
(156, 'Tetapi', 'nanging', 3, '2022-12-07 19:31:49', '2022-12-07 19:32:03'),
(157, 'terus', 'teras', 3, '2022-12-07 19:31:49', '2022-12-07 19:32:03'),
(158, 'dan', 'sarta', 3, '2022-12-07 19:31:49', '2022-12-07 19:32:03'),
(159, 'agar', 'supados', 3, '2022-12-07 19:31:49', '2022-12-07 19:32:03'),
(160, 'tidak', 'henteu', 3, '2022-12-07 19:31:49', '2022-12-07 19:32:03'),
(161, 'sudah', 'parantos', 3, '2022-12-07 19:31:49', '2022-12-07 19:32:03'),
(162, 'pernah', 'kantos', 3, '2022-12-07 19:31:49', '2022-12-07 19:32:03'),
(163, 'melewati', 'ngaliwatan', 3, '2022-12-07 19:31:49', '2022-12-07 19:32:03'),
(164, 'jadi', 'janten', 3, '2022-12-07 19:31:49', '2022-12-07 19:32:03'),
(165, 'dia', 'anjeunna', 3, '2022-12-07 19:31:49', '2022-12-07 19:32:03'),
(166, 'tahu', 'uninga', 3, '2022-12-07 19:31:49', '2022-12-07 19:32:03'),
(167, 'sedang', 'nuju', 3, '2022-12-07 19:31:49', '2022-12-07 19:32:03'),
(168, 'rasakan', 'rasakeun', 3, '2022-12-07 19:31:49', '2022-12-07 19:32:03'),
(169, 'sekarang', 'ayeuna', 3, '2022-12-07 19:31:49', '2022-12-07 19:32:03'),
(170, 'Detik', 'detik', 3, '2022-12-07 19:31:49', '2022-12-07 19:32:03'),
(171, 'akhirnya', 'ahirna', 3, '2022-12-07 19:31:49', '2022-12-07 19:32:03'),
(172, 'datang', 'sumping', 3, '2022-12-07 19:31:49', '2022-12-07 19:32:03'),
(173, 'juga', 'oge', 3, '2022-12-07 19:31:49', '2022-12-07 19:32:03'),
(174, 'memasuki', 'ngasupan', 3, '2022-12-07 19:31:49', '2022-12-07 19:32:03'),
(175, 'ruangan', 'rohangan', 3, '2022-12-07 19:31:49', '2022-12-07 19:32:03'),
(176, 'perasaan', 'raraosan', 3, '2022-12-07 19:31:49', '2022-12-07 19:32:03'),
(177, 'mencoba', 'mecakan', 3, '2022-12-07 19:31:49', '2022-12-07 19:32:03'),
(178, 'mengendalikan', 'ngadalikeun', 3, '2022-12-07 19:31:49', '2022-12-07 19:32:03'),
(179, 'Pagi', 'isuk', 4, '2022-12-07 19:31:49', '2022-12-07 19:32:03'),
(180, 'ini', 'ieu', 4, '2022-12-07 19:31:49', '2022-12-07 19:32:03'),
(181, 'menemani', 'maturan', 4, '2022-12-07 19:31:49', '2022-12-07 19:32:03'),
(182, 'ke', 'ka', 4, '2022-12-07 19:31:49', '2022-12-07 19:32:03'),
(183, 'kampus', 'kampus', 4, '2022-12-07 19:31:49', '2022-12-07 19:32:03'),
(184, 'untuk', 'keur', 4, '2022-12-07 19:31:49', '2022-12-07 19:32:03'),
(185, 'menyaksikan', 'nyaksikeun', 4, '2022-12-07 19:31:49', '2022-12-07 19:32:03'),
(186, 'ujian', 'ujian', 4, '2022-12-07 19:31:49', '2022-12-07 19:32:03'),
(187, 'Sebenarnya', 'saleresna', 4, '2022-12-07 19:31:49', '2022-12-07 19:32:03'),
(188, 'sekali', 'kacida', 4, '2022-12-07 19:31:49', '2022-12-07 19:32:03'),
(189, 'karena', 'sabab', 4, '2022-12-07 19:31:49', '2022-12-07 19:32:03'),
(190, 'nanti', 'engke', 4, '2022-12-07 19:31:49', '2022-12-07 19:32:03'),
(191, 'akan', 'arek', 4, '2022-12-07 19:31:49', '2022-12-07 19:32:03'),
(192, 'berhadapan', 'pahareup-hareup', 4, '2022-12-07 19:31:49', '2022-12-07 19:32:03'),
(193, 'dengan', 'kalawan', 4, '2022-12-07 19:31:49', '2022-12-07 19:32:03'),
(194, 'yang', 'nu', 4, '2022-12-07 19:31:49', '2022-12-07 19:32:03'),
(195, 'telah', 'enggeus', 4, '2022-12-07 19:31:49', '2022-12-07 19:32:03'),
(196, 'ia', 'manehna', 4, '2022-12-07 19:31:49', '2022-12-07 19:32:03'),
(197, 'tulis', 'serat', 4, '2022-12-07 19:31:49', '2022-12-07 19:32:03'),
(198, 'Tetapi', 'tapi', 4, '2022-12-07 19:31:49', '2022-12-07 19:32:03'),
(199, 'terus', 'laju', 4, '2022-12-07 19:31:49', '2022-12-07 19:32:03'),
(200, 'dan', 'sarta', 4, '2022-12-07 19:31:49', '2022-12-07 19:32:03'),
(201, 'agar', 'sangkan', 4, '2022-12-07 19:31:49', '2022-12-07 19:32:03'),
(202, 'tidak', 'teu', 4, '2022-12-07 19:31:49', '2022-12-07 19:32:03'),
(203, 'sudah', 'enggeus', 4, '2022-12-07 19:31:49', '2022-12-07 19:32:03'),
(204, 'pernah', 'kungsi', 4, '2022-12-07 19:31:49', '2022-12-07 19:32:03'),
(205, 'melewati', 'ngaliwatan', 4, '2022-12-07 19:31:49', '2022-12-07 19:32:03'),
(206, 'jadi', 'jadi', 4, '2022-12-07 19:31:49', '2022-12-07 19:32:03'),
(207, 'dia', 'manehna', 4, '2022-12-07 19:31:49', '2022-12-07 19:32:03'),
(208, 'tahu', 'nyaho', 4, '2022-12-07 19:31:49', '2022-12-07 19:32:03'),
(209, 'sedang', 'keur', 4, '2022-12-07 19:31:49', '2022-12-07 19:32:03'),
(210, 'rasakan', 'rasakeun', 4, '2022-12-07 19:31:49', '2022-12-07 19:32:03'),
(211, 'sekarang', 'ayeuna', 4, '2022-12-07 19:31:49', '2022-12-07 19:32:03'),
(212, 'Detik', 'detik', 4, '2022-12-07 19:31:49', '2022-12-07 19:32:03'),
(213, 'akhirnya', 'ahirna', 4, '2022-12-07 19:31:49', '2022-12-07 19:32:03'),
(214, 'datang', 'datang', 4, '2022-12-07 19:31:49', '2022-12-07 19:32:03'),
(215, 'juga', 'oge', 4, '2022-12-07 19:31:49', '2022-12-07 19:32:03'),
(216, 'memasuki', 'ngasupan', 4, '2022-12-07 19:31:49', '2022-12-07 19:32:03'),
(217, 'ruangan', 'rohangan', 4, '2022-12-07 19:31:49', '2022-12-07 19:32:03'),
(218, 'perasaan', 'rarasaan', 4, '2022-12-07 19:31:49', '2022-12-07 19:32:03'),
(219, 'mencoba', 'nyobaan', 4, '2022-12-07 19:31:49', '2022-12-07 19:32:03'),
(220, 'mengendalikan', 'ngadalikeun', 4, '2022-12-07 19:31:49', '2022-12-07 19:32:03'),
(222, 'aku', 'abdi', 3, '2022-12-07 19:31:49', '2022-12-07 19:32:03'),
(223, 'aku', 'aing', 4, '2022-12-07 19:31:49', '2022-12-07 19:32:03'),
(224, 'kau', 'anjeun', 3, '2022-12-07 19:31:49', '2022-12-07 19:32:03'),
(225, 'berangkat', 'angkat', 3, '2022-12-07 19:31:49', '2022-12-07 19:32:03'),
(226, 'sekolah', 'sakola', 3, '2022-12-07 19:31:49', '2022-12-07 19:32:03'),
(227, 'mau', 'hoyong', 2, '2022-12-07 19:31:49', '2022-12-07 19:32:03'),
(228, 'berangkat', 'mios', 2, '2022-12-07 19:31:49', '2022-12-07 19:32:03'),
(229, 'sekolah', 'sakola', 2, '2022-12-07 19:31:49', '2022-12-07 19:32:03'),
(230, 'mau', 'palay', 3, '2022-12-07 19:31:49', '2022-12-07 19:32:03'),
(231, 'pengen', 'hayang', 2, '2022-12-07 19:31:49', '2022-12-07 19:32:03'),
(232, 'makan', 'neda', 2, '2022-12-07 19:31:49', '2022-12-07 19:32:03'),
(233, 'nasi', 'sangu', 2, '2022-12-07 19:31:49', '2022-12-07 19:32:03'),
(234, 'goreng', 'goreng', 2, '2022-12-07 19:31:49', '2022-12-07 19:32:03'),
(235, 'pengen', 'hayang', 3, '2022-12-07 19:31:49', '2022-12-07 19:32:03'),
(236, 'makan', 'tuang', 3, '2022-12-07 19:31:49', '2022-12-07 19:32:03'),
(237, 'nasi', 'sangu', 3, '2022-12-07 19:31:49', '2022-12-07 19:32:03'),
(238, 'goreng', 'goreng', 3, '2022-12-07 19:31:49', '2022-12-07 19:32:03'),
(239, 'ku', 'abdi', 2, '2022-12-07 19:31:49', '2022-12-07 19:32:03'),
(240, 'menonton', 'nongton', 2, '2022-12-07 19:31:49', '2022-12-07 19:32:03'),
(241, 'ku', 'aing', 4, '2022-12-07 19:31:49', '2022-12-07 19:32:03'),
(242, 'menonton', 'lalajo', 4, '2022-12-07 19:31:49', '2022-12-07 19:32:03'),
(247, 'membaca', 'maos', 2, '2022-12-07 19:31:49', '2022-12-07 19:32:03'),
(248, 'kamus', 'kamus', 2, '2022-12-07 19:31:49', '2022-12-07 19:32:03'),
(249, 'sunda', 'sunda', 2, '2022-12-07 19:31:49', '2022-12-07 19:32:03'),
(250, 'menyukai', 'mikaresep', 2, '2022-12-07 19:31:49', '2022-12-07 19:32:03'),
(251, 'permainan', 'kaulinan', 2, '2022-12-07 19:31:49', '2022-12-07 19:32:03'),
(252, 'bola', 'bal', 2, '2022-12-07 19:31:49', '2022-12-07 19:32:03'),
(253, 'menyukai', 'mikaresep', 3, '2022-12-07 19:31:49', '2022-12-07 19:32:03'),
(254, 'permainan', 'kaulinan', 3, '2022-12-07 19:31:49', '2022-12-07 19:32:03'),
(255, 'bola', 'bal', 3, '2022-12-07 19:31:49', '2022-12-07 19:32:03'),
(256, 'menyukai', 'mikaresep', 4, '2022-12-07 19:31:49', '2022-12-07 19:32:03'),
(257, 'permainan', 'kaulinan', 4, '2022-12-07 19:31:49', '2022-12-07 19:32:03'),
(258, 'bola', 'bal', 4, '2022-12-07 19:31:49', '2022-12-07 19:32:03'),
(259, 'manehna', 'dia', 1, '2022-12-07 19:31:49', '2022-12-07 19:32:03'),
(260, 'mikaresep', 'menyukai', 1, '2022-12-07 19:31:49', '2022-12-07 19:32:03'),
(261, 'kaulinan', 'permainan', 1, '2022-12-07 19:31:49', '2022-12-07 19:32:03'),
(262, 'bal', 'bola', 1, '2022-12-07 19:31:49', '2022-12-07 19:32:03'),
(263, 'kacang', 'kacang', 3, '2022-12-07 19:31:49', '2022-12-07 19:32:03'),
(264, 'rebus', 'kulub', 3, '2022-12-07 19:31:49', '2022-12-07 19:32:03'),
(265, 'buah', 'buah', 3, '2022-12-07 19:31:49', '2022-12-07 19:32:03'),
(266, 'pepaya', 'gedang', 3, '2022-12-07 19:31:49', '2022-12-07 19:32:03'),
(267, 'mangga', 'manggah', 2, '2022-12-07 19:31:49', '2022-12-07 19:32:03'),
(268, 'nonton', 'lalajo', 3, '2022-12-07 19:31:49', '2022-12-07 19:32:03'),
(269, 'saya', 'aing', 4, '2022-12-07 19:31:49', '2022-12-07 19:32:03'),
(270, 'pengen', 'hayang', 4, '2022-12-07 19:31:49', '2022-12-07 19:32:03'),
(271, 'nonton', 'lalajo', 4, '2022-12-07 19:31:49', '2022-12-07 19:32:03'),
(272, 'puguh', 'pasti', 1, '2022-12-07 19:31:49', '2022-12-07 19:32:03'),
(273, 'godog', 'rebus', 1, '2022-12-07 19:31:49', '2022-12-07 19:32:03'),
(274, 'Tidur', 'kulem', 3, '2022-12-07 19:31:49', '2022-12-07 19:32:03'),
(275, 'Tidur', 'mondok', 2, '2022-12-07 19:31:49', '2022-12-07 19:32:03'),
(276, 'muka', 'pameunteu', 3, '2022-12-07 19:31:49', '2022-12-07 19:32:03'),
(277, 'dua', 'dua', 3, '2022-12-07 19:31:49', '2022-12-07 19:32:03'),
(278, 'suka', 'resep', 4, '2022-12-07 19:31:49', '2022-12-07 19:32:03'),
(279, 'bermain', 'ulin', 4, '2022-12-07 19:31:49', '2022-12-07 19:32:03'),
(280, 'main', 'ulin', 4, '2022-12-07 19:31:49', '2022-12-07 19:32:03'),
(281, 'suka', 'resep', 2, '2022-12-07 19:31:49', '2022-12-07 19:32:03'),
(282, 'nonton', 'lalajo', 2, '2022-12-07 19:31:49', '2022-12-07 19:32:03'),
(283, 'saya', 'abdi', 2, '2022-12-07 19:31:49', '2022-12-07 19:32:03'),
(284, 'bermain', 'ulin', 2, '2022-12-07 19:31:49', '2022-12-07 19:32:03'),
(285, 'lagi', 'nuju', 2, '2022-12-07 19:31:49', '2022-12-07 19:32:03'),
(286, 'lagi', 'nuju', 4, '2022-12-07 19:31:49', '2022-12-07 19:32:03'),
(287, 'makan', 'dahar', 4, '2022-12-07 19:31:49', '2022-12-07 19:32:03'),
(288, 'Kucing', 'ucing', 2, '2022-12-07 19:31:49', '2022-12-07 19:32:03'),
(289, 'itu', 'eta', 2, '2022-12-07 19:31:49', '2022-12-07 19:32:03'),
(290, 'sangat', 'pisan', 2, '2022-12-07 19:31:49', '2022-12-07 19:32:03'),
(291, 'lucu', 'lucu', 2, '2022-12-07 19:31:49', '2022-12-07 19:32:03'),
(292, 'sakit', 'udur', 2, '2022-12-07 19:31:49', '2022-12-07 19:32:03'),
(293, 'pergi', 'mios', 2, '2022-12-07 19:31:49', '2022-12-07 19:32:03'),
(294, 'kantor', 'kantor', 2, '2022-12-07 19:31:49', '2022-12-07 19:32:03'),
(295, 'ingin', 'hoyong', 2, '2022-12-07 19:31:49', '2022-12-07 19:32:03'),
(296, 'diam', 'cicing', 3, '2022-12-07 19:31:49', '2022-12-07 19:32:03'),
(297, 'gila', 'gelo', 2, '2022-12-07 19:31:49', '2022-12-07 19:32:03'),
(298, 'bunga', 'kembang', 2, '2022-12-07 19:31:49', '2022-12-07 19:32:03'),
(299, 'rumah', 'imah', 4, '2022-12-07 19:31:49', '2022-12-07 19:32:03'),
(300, 'hilang', 'ical', 2, '2022-12-07 19:31:49', '2022-12-07 19:32:03'),
(301, 'kamu', 'anjeun', 2, '2022-12-07 19:31:49', '2022-12-07 19:32:03'),
(302, 'memilih', 'milih', 2, '2022-12-07 19:31:49', '2022-12-07 19:32:03'),
(303, 'kehilangan', 'kaleungitan', 2, '2022-12-07 19:31:49', '2022-12-07 19:32:03'),
(304, 'tapi', 'nanging', 3, '2022-12-07 19:31:49', '2022-12-07 19:32:03'),
(305, 'lelah', 'lungse', 3, '2022-12-07 19:31:49', '2022-12-07 19:32:03'),
(306, 'berjuang', 'bajoang', 3, '2022-12-07 19:31:49', '2022-12-07 19:32:03'),
(307, 'sanggup', 'sanggup', 4, '2022-12-07 19:31:49', '2022-12-07 19:32:03'),
(308, 'sampai', 'dugi', 2, '2022-12-07 19:31:49', '2022-12-07 19:32:03'),
(309, 'ujung', 'tungtung', 2, '2022-12-07 19:31:49', '2022-12-07 19:32:03'),
(310, 'waktu', 'wanci', 2, '2022-12-07 19:31:49', '2022-12-07 19:32:03'),
(311, 'ingin', 'palay', 3, '2022-12-07 19:31:49', '2022-12-07 19:32:03'),
(312, 'selalu', 'sok', 3, '2022-12-07 19:31:49', '2022-12-07 19:32:03'),
(313, 'kamu', 'anjeun', 3, '2022-12-07 19:31:49', '2022-12-07 19:32:03'),
(314, 'membawa', 'ngabantun', 3, '2022-12-07 19:31:49', '2022-12-07 19:32:03'),
(315, 'bahagia', 'bingah', 3, '2022-12-07 19:31:49', '2022-12-07 19:32:03'),
(316, 'mungkin', 'manawi', 2, '2022-12-07 19:31:49', '2022-12-07 19:32:03'),
(317, 'mungkin', 'manawi', 3, '2022-12-07 19:31:49', '2022-12-07 19:32:03'),
(318, 'mungkin', 'sugan', 4, '2022-12-07 19:31:49', '2022-12-07 19:32:03'),
(319, 'bisa', 'bisa', 4, '2022-12-07 19:31:49', '2022-12-07 19:32:03'),
(320, 'membuat', 'nyieun', 4, '2022-12-07 19:31:49', '2022-12-07 19:32:03'),
(321, 'bahagia', 'bungah', 4, '2022-12-07 19:31:49', '2022-12-07 19:32:03'),
(322, 'kabar', 'wartos', 2, '2022-12-07 19:31:49', '2022-12-07 19:32:03'),
(323, 'mendengar', 'ngadenge', 2, '2022-12-07 19:31:49', '2022-12-07 19:32:03'),
(324, 'balik', 'balik', 4, '2022-12-07 19:31:49', '2022-12-07 19:32:03'),
(325, 'nya', 'na', 4, '2022-12-07 19:31:49', '2022-12-07 19:32:03'),
(326, 'Urang', 'kita', 1, '2022-12-07 19:31:49', '2022-12-07 19:32:03'),
(327, 'balik', 'balik', 1, '2022-12-07 19:31:49', '2022-12-07 19:32:03'),
(328, 'ti', 'dari', 1, '2022-12-07 19:31:49', '2022-12-07 19:32:03'),
(329, 'nya', 'ya', 1, '2022-12-07 19:31:49', '2022-12-07 19:32:03'),
(330, 'saya', 'abdi', 3, '2022-12-07 19:31:49', '2022-12-07 19:32:03'),
(331, 'mau', 'hayang', 4, '2022-12-07 19:31:49', '2022-12-07 19:32:03'),
(332, 'berangkat', 'indit', 4, '2022-12-07 19:31:49', '2022-12-07 19:32:03'),
(333, 'sekolah', 'sakola', 4, '2022-12-07 19:31:49', '2022-12-07 19:32:03'),
(334, 'kamu', 'maneh', 4, '2022-12-07 19:31:49', '2022-12-07 19:32:03'),
(335, 'Mandi', '', 2, '2022-12-07 19:31:49', '2022-12-07 19:32:03'),
(336, 'Dimana', 'di manten', 3, '2022-12-07 19:31:49', '2022-12-07 19:32:03'),
(337, 'siang', 'siang', 3, '2022-12-07 19:31:49', '2022-12-07 19:32:03'),
(338, 'Masuk', 'lebet', 3, '2022-12-07 19:31:49', '2022-12-07 19:32:03'),
(339, 'Kambing', 'embe', 2, '2022-12-07 19:31:49', '2022-12-07 19:32:03'),
(340, 'Jaringan', 'raramat', 2, '2022-12-07 19:31:49', '2022-12-07 19:32:03'),
(341, 'Kambing', 'embe', 4, '2022-12-07 19:31:49', '2022-12-07 19:32:03'),
(342, 'Kambing', 'embe', 3, '2022-12-07 19:31:49', '2022-12-07 19:32:03'),
(343, 'Kakak', 'raka', 3, '2022-12-07 19:31:49', '2022-12-07 19:32:03'),
(344, 'Pergi', 'angkat', 3, '2022-12-07 19:31:49', '2022-12-07 19:32:03'),
(345, 'Besar', 'ageung', 3, '2022-12-07 19:31:49', '2022-12-07 19:32:03'),
(346, 'cantik', 'geulis', 3, '2022-12-07 19:31:49', '2022-12-07 19:32:03'),
(347, 'seperti', 'sepertos', 3, '2022-12-07 19:31:49', '2022-12-07 19:32:03'),
(348, 'kenapa', 'naha', 4, '2022-12-07 19:31:49', '2022-12-07 19:32:03'),
(349, 'lucu', 'lucu', 4, '2022-12-07 19:31:49', '2022-12-07 19:32:03'),
(350, 'melupakan', 'mopohokeun', 4, '2022-12-07 19:31:49', '2022-12-07 19:32:03'),
(351, 'begitu', 'kitu', 4, '2022-12-07 19:31:49', '2022-12-07 19:32:03'),
(352, 'sulit', 'hese', 4, '2022-12-07 19:31:49', '2022-12-07 19:32:03'),
(353, 'apalagi', 'sumawona', 4, '2022-12-07 19:31:49', '2022-12-07 19:32:03'),
(354, 'seperti', 'kawas', 4, '2022-12-07 19:31:49', '2022-12-07 19:32:03'),
(355, 'babi', 'babi', 4, '2022-12-07 19:31:49', '2022-12-07 19:32:03'),
(356, 'jahat', 'jahat', 2, '2022-12-07 19:31:49', '2022-12-07 19:32:03'),
(357, 'lucu', 'lucu', 3, '2022-12-07 19:31:49', '2022-12-07 19:32:03'),
(358, 'anak', 'anak', 2, '2022-12-07 19:31:49', '2022-12-07 19:32:03'),
(359, 'satu', 'hiji', 2, '2022-12-07 19:31:49', '2022-12-07 19:32:03'),
(360, 'tuhan', 'pangeran', 3, '2022-12-07 19:31:49', '2022-12-07 19:32:03'),
(361, 'siapa', 'saha', 3, '2022-12-07 19:31:49', '2022-12-07 19:32:03'),
(362, 'pun', 'oge', 3, '2022-12-07 19:31:49', '2022-12-07 19:32:03'),
(363, 'semoga', 'mugi-mugi', 2, '2022-12-07 19:31:49', '2022-12-07 19:32:03'),
(364, 'selalu', 'sok', 2, '2022-12-07 19:31:49', '2022-12-07 19:32:03'),
(365, 'bahagia', 'bingah', 2, '2022-12-07 19:31:49', '2022-12-07 19:32:03'),
(366, 'suatu', 'hiji', 3, '2022-12-07 19:31:49', '2022-12-07 19:32:03'),
(367, 'masa', 'mangsa', 3, '2022-12-07 19:31:49', '2022-12-07 19:32:03'),
(368, 'kita', 'urang', 3, '2022-12-07 19:31:49', '2022-12-07 19:32:03'),
(369, 'jumpa', 'pendak', 3, '2022-12-07 19:31:49', '2022-12-07 19:32:03'),
(370, 'pasangan', 'pasangan', 3, '2022-12-07 19:31:49', '2022-12-07 19:32:03'),
(371, 'berbeda', 'benten', 3, '2022-12-07 19:31:49', '2022-12-07 19:32:03'),
(372, 'tiada', 'teu aya', 3, '2022-12-07 19:31:49', '2022-12-07 19:32:03'),
(373, 'lagi', 'nuju', 3, '2022-12-07 19:31:49', '2022-12-07 19:32:03'),
(374, 'air', 'cai', 3, '2022-12-07 19:31:49', '2022-12-07 19:32:03'),
(375, 'mata', 'soca', 3, '2022-12-07 19:31:49', '2022-12-07 19:32:03'),
(376, 'bercerita', 'nyaritakeun', 2, '2022-12-07 19:31:49', '2022-12-07 19:32:03'),
(377, 'tentang', 'ngeunaan', 3, '2022-12-07 19:31:49', '2022-12-07 19:32:03'),
(378, 'kisah', 'carita', 3, '2022-12-07 19:31:49', '2022-12-07 19:32:03'),
(379, 'ku', 'kuring', 3, '2022-12-07 19:31:49', '2022-12-07 19:32:03'),
(380, 'dulu', 'tiheula', 3, '2022-12-07 19:31:49', '2022-12-07 19:32:03'),
(381, 'sayang', 'deudeuh', 3, '2022-12-07 19:31:49', '2022-12-07 19:32:03'),
(382, 'melamar', 'lamar', 3, '2022-12-07 19:31:49', '2022-12-07 19:32:03'),
(383, 'berjuang', 'bajoang', 2, '2022-12-07 19:31:49', '2022-12-07 19:32:03'),
(384, 'di', 'di', 2, '2022-12-07 19:31:49', '2022-12-07 19:32:03'),
(385, 'negeri', 'nagari', 2, '2022-12-07 19:31:49', '2022-12-07 19:32:03'),
(386, 'orang', 'jalmi', 2, '2022-12-07 19:31:49', '2022-12-07 19:32:03'),
(387, 'orang', 'jalmi', 3, '2022-12-07 19:31:49', '2022-12-07 19:32:03'),
(388, 'tua', 'sepuh', 3, '2022-12-07 19:31:49', '2022-12-07 19:32:03'),
(389, 'hanya', 'ngan', 3, '2022-12-07 19:31:49', '2022-12-07 19:32:03'),
(390, 'mendoakan', 'ngaduakeun', 3, '2022-12-07 19:31:49', '2022-12-07 19:32:03'),
(391, 'sungguh', 'pisan', 3, '2022-12-07 19:31:49', '2022-12-07 19:32:03'),
(392, 'sakit', 'teu damang', 3, '2022-12-07 19:31:49', '2022-12-07 19:32:03'),
(393, 'hati', 'manah', 3, '2022-12-07 19:31:49', '2022-12-07 19:32:03'),
(394, 'rasanya', 'rasana', 3, '2022-12-07 19:31:49', '2022-12-07 19:32:03'),
(395, 'di', 'di', 3, '2022-12-07 19:31:49', '2022-12-07 19:32:03'),
(396, 'negeri', 'nagari', 3, '2022-12-07 19:31:49', '2022-12-07 19:32:03'),
(397, 'peluk', 'tangkeup', 2, '2022-12-07 19:31:49', '2022-12-07 19:32:03'),
(398, 'lah', 'lah', 2, '2022-12-07 19:31:49', '2022-12-07 19:32:03'),
(399, 'semua', 'sadaya', 3, '2022-12-07 19:31:49', '2022-12-07 19:32:03'),
(400, 'nama', 'jenengan', 3, '2022-12-07 19:31:49', '2022-12-07 19:32:03'),
(401, 'ada', 'aya', 4, '2022-12-07 19:31:49', '2022-12-07 19:32:03'),
(402, 'di', 'di', 4, '2022-12-07 19:31:49', '2022-12-07 19:32:03'),
(403, 'hati', 'hate', 4, '2022-12-07 19:31:49', '2022-12-07 19:32:03'),
(404, 'selama', 'salila', 4, '2022-12-07 19:31:49', '2022-12-07 19:32:03'),
(405, 'kau', 'maneh', 4, '2022-12-07 19:31:49', '2022-12-07 19:32:03'),
(406, 'pergi', 'indit', 4, '2022-12-07 19:31:49', '2022-12-07 19:32:03'),
(407, 'cuma', 'ngan', 4, '2022-12-07 19:31:49', '2022-12-07 19:32:03'),
(408, 'saat', 'waktu', 4, '2022-12-07 19:31:49', '2022-12-07 19:32:03'),
(409, 'ingin', 'hayang', 4, '2022-12-07 19:31:49', '2022-12-07 19:32:03'),
(410, 'selalu', 'sok', 4, '2022-12-07 19:31:49', '2022-12-07 19:32:03'),
(411, 'tapi', 'tapi', 4, '2022-12-07 19:31:49', '2022-12-07 19:32:03'),
(412, 'benar', 'bener', 4, '2022-12-07 19:31:49', '2022-12-07 19:32:03'),
(413, 'cinta', 'bogoh', 4, '2022-12-07 19:31:49', '2022-12-07 19:32:03'),
(414, 'meski', 'cacak', 4, '2022-12-07 19:31:49', '2022-12-07 19:32:03'),
(415, 'dimiliki', 'kaboga', 4, '2022-12-07 19:31:49', '2022-12-07 19:32:03'),
(416, 'bukan', 'lain', 4, '2022-12-07 19:31:49', '2022-12-07 19:32:03'),
(417, 'bukan', 'sanes', 2, '2022-12-07 19:31:49', '2022-12-07 19:32:03'),
(418, 'meninggalkan', 'ninggalkeun', 2, '2022-12-07 19:31:49', '2022-12-07 19:32:03'),
(419, 'bersama', 'sareng', 2, '2022-12-07 19:31:49', '2022-12-07 19:32:03'),
(420, 'tolong', 'tulung', 3, '2022-12-07 19:31:49', '2022-12-07 19:32:03'),
(421, 'dirinya', 'dirina', 3, '2022-12-07 19:31:49', '2022-12-07 19:32:03'),
(422, 'rindu', 'honeng', 3, '2022-12-07 19:31:49', '2022-12-07 19:32:03'),
(423, 'mereka', 'maranehanana', 2, '2022-12-07 19:31:49', '2022-12-07 19:32:03'),
(424, 'Bodoh', 'belet', 4, '2022-12-07 19:31:49', '2022-12-07 19:32:03'),
(425, 'sirit', 'penis', 1, '2022-12-07 19:31:49', '2022-12-07 19:32:03'),
(426, 'papan', 'papan', 2, '2022-12-07 19:31:49', '2022-12-07 19:32:03'),
(427, 'papan', 'papan', 3, '2022-12-07 19:31:49', '2022-12-07 19:32:03'),
(428, 'papan', 'papan', 4, '2022-12-07 19:31:49', '2022-12-07 19:32:03'),
(429, 'meja', 'meja', 2, '2022-12-07 19:31:49', '2022-12-07 19:32:03'),
(430, 'meja', 'meja', 3, '2022-12-07 19:31:49', '2022-12-07 19:32:03'),
(431, 'meja', 'meja', 4, '2022-12-07 19:31:49', '2022-12-07 19:32:03'),
(432, 'televisi', 'televisi', 2, '2022-12-07 19:31:49', '2022-12-07 19:32:03'),
(433, 'televisi', 'televisi', 3, '2022-12-07 19:31:49', '2022-12-07 19:32:03'),
(434, 'televisi', 'televisi', 4, '2022-12-07 19:31:49', '2022-12-07 19:32:03'),
(435, 'hidup', 'hirup', 2, '2022-12-07 19:31:49', '2022-12-07 19:32:03'),
(436, 'hidup', 'jumeneng', 3, '2022-12-07 19:31:49', '2022-12-07 19:32:03'),
(437, 'hidup', 'hirup', 4, '2022-12-07 19:31:49', '2022-12-07 19:32:03'),
(438, 'mati', 'nilar', 2, '2022-12-07 19:31:49', '2022-12-07 19:32:03'),
(439, 'mati', 'pupus', 3, '2022-12-07 19:31:49', '2022-12-07 19:32:03'),
(440, 'mati', 'maot', 4, '2022-12-07 19:31:49', '2022-12-07 19:32:03'),
(441, 'orang', 'jalma', 4, '2022-12-07 19:31:49', '2022-12-07 19:32:03'),
(442, 'laki', 'salaki', 2, '2022-12-07 19:31:49', '2022-12-07 19:32:03'),
(443, 'laki', 'salaki', 3, '2022-12-07 19:31:49', '2022-12-07 19:32:03'),
(444, 'laki-laki', 'salaki', 2, '2022-12-07 19:31:49', '2022-12-07 19:32:03'),
(445, 'laki-laki', 'salaki', 3, '2022-12-07 19:31:49', '2022-12-07 19:32:03'),
(446, 'laki-laki', 'salaki', 4, '2022-12-07 19:31:49', '2022-12-07 19:32:03'),
(447, 'Sayang', 'deudeuh', 2, '2022-12-07 19:31:49', '2022-12-07 19:32:03'),
(448, 'banget', 'pisan', 2, '2022-12-07 19:31:49', '2022-12-07 19:32:03'),
(449, 'banget', 'pisan', 3, '2022-12-07 19:31:49', '2022-12-07 19:32:03'),
(450, 'Sayang', 'nyaah', 4, '2022-12-07 19:31:49', '2022-12-07 19:32:03'),
(451, 'banget', 'kacida', 4, '2022-12-07 19:31:49', '2022-12-07 19:32:03'),
(452, 'bawah', 'handap', 4, '2022-12-07 19:31:49', '2022-12-07 19:32:03'),
(453, 'bulan', 'bulan', 4, '2022-12-07 19:31:49', '2022-12-07 19:32:03'),
(454, 'bintang', 'bentang', 4, '2022-12-07 19:31:49', '2022-12-07 19:32:03'),
(455, 'pun', 'oge', 4, '2022-12-07 19:31:49', '2022-12-07 19:32:03'),
(456, 'meski', 'cacak', 2, '2022-12-07 19:31:49', '2022-12-07 19:32:03'),
(457, 'pertama', 'kahiji', 2, '2022-12-07 19:31:49', '2022-12-07 19:32:03'),
(458, 'cinta', 'tresna', 3, '2022-12-07 19:31:49', '2022-12-07 19:32:03'),
(459, 'terbaik', 'nyongcolang', 3, '2022-12-07 19:31:49', '2022-12-07 19:32:03'),
(460, 'tau', 'teurang', 2, '2022-12-07 19:31:49', '2022-12-07 19:32:03'),
(461, 'Apa', 'naon', 2, '2022-12-07 19:31:49', '2022-12-07 19:32:03'),
(462, 'kurang', 'kirang', 2, '2022-12-07 19:31:49', '2022-12-07 19:32:03'),
(463, 'nya', 'na', 2, '2022-12-07 19:31:49', '2022-12-07 19:32:03'),
(464, 'dalam', 'dina', 2, '2022-12-07 19:31:49', '2022-12-07 19:32:03'),
(465, 'mengapa', 'naha', 3, '2022-12-07 19:31:49', '2022-12-07 19:32:03'),
(466, 'bisa', 'iasa', 3, '2022-12-07 19:31:49', '2022-12-07 19:32:03'),
(467, 'mencintai', 'mitresna', 3, '2022-12-07 19:31:49', '2022-12-07 19:32:03'),
(468, 'Abdi', 'saya', 1, '2022-12-07 19:31:49', '2022-12-07 19:32:03'),
(469, 'hoyong', 'berminat', 1, '2022-12-07 19:31:49', '2022-12-07 19:32:03'),
(470, 'sapedah', 'sepeda', 1, '2022-12-07 19:31:49', '2022-12-07 19:32:03'),
(471, 'bersama', 'sareng', 3, '2022-12-07 19:31:49', '2022-12-07 19:32:03'),
(472, 'geulis', 'cantik', 1, '2022-12-07 19:31:49', '2022-12-07 19:32:03'),
(473, 'pisan', 'banget', 1, '2022-12-07 19:31:49', '2022-12-07 19:32:03'),
(474, 'mengerti', 'teurang', 2, '2022-12-07 19:31:49', '2022-12-07 19:32:03'),
(475, 'perjalanan', 'lalampahan', 2, '2022-12-07 19:31:49', '2022-12-07 19:32:03'),
(476, 'kini', 'kiwari', 2, '2022-12-07 19:31:49', '2022-12-07 19:32:03'),
(477, 'kau', 'anjeun', 2, '2022-12-07 19:31:49', '2022-12-07 19:32:03'),
(478, 'berharap', 'ngaharepkeun', 4, '2022-12-07 19:31:49', '2022-12-07 19:32:03'),
(479, 'berat', 'beurat', 4, '2022-12-07 19:31:49', '2022-12-07 19:32:03'),
(480, 'merasa', 'rumasa', 4, '2022-12-07 19:31:49', '2022-12-07 19:32:03'),
(481, 'sendiri', 'sorangan', 4, '2022-12-07 19:31:49', '2022-12-07 19:32:03'),
(482, 'hari-hari', 'dinten', 2, '2022-12-07 19:31:49', '2022-12-07 19:32:03'),
(483, 'mudah', 'gampil', 2, '2022-12-07 19:31:49', '2022-12-07 19:32:03'),
(484, 'Biar', 'engkeun', 3, '2022-12-07 19:31:49', '2022-12-07 19:32:03'),
(485, 'membasuh', 'nyimbeuh', 3, '2022-12-07 19:31:49', '2022-12-07 19:32:03'),
(486, 'suka', 'seneng', 3, '2022-12-07 19:31:49', '2022-12-07 19:32:03'),
(487, 'bermain', 'ameng', 3, '2022-12-07 19:31:49', '2022-12-07 19:32:03'),
(488, 'main', 'ameng', 3, '2022-12-07 19:31:49', '2022-12-07 19:32:03'),
(489, 'kasih', 'kaasih', 3, '2022-12-07 19:31:49', '2022-12-07 19:32:03'),
(490, 'kepada', 'ka', 3, '2022-12-07 19:31:49', '2022-12-07 19:32:03'),
(491, 'foto', 'poto', 3, '2022-12-07 19:31:49', '2022-12-07 19:32:03'),
(492, 'membuat', 'midamel', 3, '2022-12-07 19:31:49', '2022-12-07 19:32:03'),
(493, 'terima', 'tampi', 3, '2022-12-07 19:31:49', '2022-12-07 19:32:03'),
(494, 'harap', 'ajeng', 3, '2022-12-07 19:31:49', '2022-12-07 19:32:03'),
(495, 'Anda', 'anjeun', 3, '2022-12-07 19:31:49', '2022-12-07 19:32:03'),
(496, 'menerima', 'nampi', 3, '2022-12-07 19:31:49', '2022-12-07 19:32:03'),
(497, 'apa', 'naon', 3, '2022-12-07 19:31:49', '2022-12-07 19:32:03'),
(498, 'adanya', 'kitu kaayaanana', 3, '2022-12-07 19:31:49', '2022-12-07 19:32:03'),
(499, 'pada', 'dina', 3, '2022-12-07 19:31:49', '2022-12-07 19:32:03'),
(500, 'hari', 'dinten', 3, '2022-12-07 19:31:49', '2022-12-07 19:32:03'),
(501, 'lukis', 'gambar', 3, '2022-12-07 19:31:49', '2022-12-07 19:32:03'),
(502, 'kancil', 'peucang', 4, '2022-12-07 19:31:49', '2022-12-07 19:32:03'),
(503, 'buaya', 'buaya', 4, '2022-12-07 19:31:49', '2022-12-07 19:32:03'),
(504, 'sana', 'ditu', 3, '2022-12-07 19:31:49', '2022-12-07 19:32:03'),
(505, 'Mendengar', 'ngadenge', 3, '2022-12-07 19:31:49', '2022-12-07 19:32:03'),
(506, 'bercerita', 'nyaritakeun', 3, '2022-12-07 19:31:49', '2022-12-07 19:32:03'),
(507, 'Menangis', 'ceurik', 4, '2022-12-07 19:31:49', '2022-12-07 19:32:03'),
(508, 'tertawa', 'seuri', 4, '2022-12-07 19:31:49', '2022-12-07 19:32:03'),
(509, 'Biar', 'antep', 4, '2022-12-07 19:31:49', '2022-12-07 19:32:03'),
(510, 'lukis', 'gambar', 4, '2022-12-07 19:31:49', '2022-12-07 19:32:03'),
(511, 'malam', 'peuting', 4, '2022-12-07 19:31:49', '2022-12-07 19:32:03'),
(512, 'Bawa', 'cokot', 4, '2022-12-07 19:31:49', '2022-12-07 19:32:03'),
(513, 'bintang-bintang', 'bentang', 4, '2022-12-07 19:31:49', '2022-12-07 19:32:03'),
(514, 'terluka', 'raheut', 4, '2022-12-07 19:31:49', '2022-12-07 19:32:03'),
(515, 'Hingga', 'tepi', 4, '2022-12-07 19:31:49', '2022-12-07 19:32:03'),
(516, 'saat', 'wanci', 2, '2022-12-07 19:31:49', '2022-12-07 19:32:03'),
(517, 'kancil', 'peucang', 2, '2022-12-07 19:31:49', '2022-12-07 19:32:03'),
(518, 'minum', 'ngaleueut', 2, '2022-12-07 19:31:49', '2022-12-07 19:32:03'),
(519, 'sungai', 'walungan', 2, '2022-12-07 19:31:49', '2022-12-07 19:32:03'),
(520, 'disini', 'di dieu', 2, '2022-12-07 19:31:49', '2022-12-07 19:32:03'),
(521, 'walau', 'cacak', 2, '2022-12-07 19:31:49', '2022-12-07 19:32:03'),
(522, 'coba', 'cobi', 2, '2022-12-07 19:31:49', '2022-12-07 19:32:03'),
(523, 'jangan', 'ulah', 2, '2022-12-07 19:31:49', '2022-12-07 19:32:03'),
(524, 'berhenti', 'eureun', 2, '2022-12-07 19:31:49', '2022-12-07 19:32:03'),
(525, 'berharap', 'ngaharepkeun', 2, '2022-12-07 19:31:49', '2022-12-07 19:32:03'),
(526, 'berat', 'abot', 2, '2022-12-07 19:31:49', '2022-12-07 19:32:03'),
(527, 'merasa', 'rumaos', 2, '2022-12-07 19:31:49', '2022-12-07 19:32:03'),
(528, 'sendiri', 'sorangan', 2, '2022-12-07 19:31:49', '2022-12-07 19:32:03'),
(529, 'indah', 'endah', 2, '2022-12-07 19:31:49', '2022-12-07 19:32:03'),
(530, 'Biar', 'engkeun', 2, '2022-12-07 19:31:49', '2022-12-07 19:32:03'),
(531, 'membasuh', 'nyimbeuh', 2, '2022-12-07 19:31:49', '2022-12-07 19:32:03'),
(532, 'lelah', 'lungse', 2, '2022-12-07 19:31:49', '2022-12-07 19:32:03'),
(533, 'lukis', 'gambar', 2, '2022-12-07 19:31:49', '2022-12-07 19:32:03'),
(534, 'sana', 'ditu', 2, '2022-12-07 19:31:49', '2022-12-07 19:32:03'),
(535, 'Menangis', 'ceurik', 2, '2022-12-07 19:31:49', '2022-12-07 19:32:03'),
(536, 'tertawa', 'seuri', 2, '2022-12-07 19:31:49', '2022-12-07 19:32:03'),
(537, 'malam', 'wengi', 2, '2022-12-07 19:31:49', '2022-12-07 19:32:03'),
(538, 'Bawa', 'bantun', 2, '2022-12-07 19:31:49', '2022-12-07 19:32:03'),
(539, 'bintang-bintang', 'bentang', 2, '2022-12-07 19:31:49', '2022-12-07 19:32:03'),
(540, 'terluka', 'tatu', 2, '2022-12-07 19:31:49', '2022-12-07 19:32:03'),
(541, 'Hingga', 'dugi', 2, '2022-12-07 19:31:49', '2022-12-07 19:32:03'),
(542, 'peduli', 'merhatikeun', 4, '2022-12-07 19:31:49', '2022-12-07 19:32:03'),
(543, 'bagaimana', 'kumaha', 4, '2022-12-07 19:31:49', '2022-12-07 19:32:03'),
(544, 'kehidupan', 'kahirupan', 4, '2022-12-07 19:31:49', '2022-12-07 19:32:03'),
(545, 'miliki', 'piboga', 4, '2022-12-07 19:31:49', '2022-12-07 19:32:03'),
(546, 'masa', 'mangsa', 4, '2022-12-07 19:31:49', '2022-12-07 19:32:03'),
(547, 'lalu', 'kaliwat', 4, '2022-12-07 19:31:49', '2022-12-07 19:32:03'),
(548, 'kembali', 'balik deui', 4, '2022-12-07 19:31:49', '2022-12-07 19:32:03'),
(549, 'ada', 'aya', 2, '2022-12-07 19:31:49', '2022-12-07 19:32:03'),
(550, 'air', 'cai', 2, '2022-12-07 19:31:49', '2022-12-07 19:32:03'),
(551, 'mata', 'panon', 2, '2022-12-07 19:31:49', '2022-12-07 19:32:03'),
(552, 'Tentang', 'ngeunaan', 2, '2022-12-07 19:31:49', '2022-12-07 19:32:03'),
(553, 'kisah', 'carita', 2, '2022-12-07 19:31:49', '2022-12-07 19:32:03'),
(554, 'dulu', 'tiheula', 2, '2022-12-07 19:31:49', '2022-12-07 19:32:03'),
(555, 'semua', 'sadaya', 2, '2022-12-07 19:31:49', '2022-12-07 19:32:03'),
(556, 'Awalnya', 'mimitina', 2, '2022-12-07 19:31:49', '2022-12-07 19:32:03'),
(557, 'sesuai', 'luyu', 2, '2022-12-07 19:31:49', '2022-12-07 19:32:03'),
(558, 'rencana', 'rencana', 2, '2022-12-07 19:31:49', '2022-12-07 19:32:03'),
(559, 'tiga', 'tilu', 2, '2022-12-07 19:31:49', '2022-12-07 19:32:03'),
(560, 'seorang', 'saurang', 3, '2022-12-07 19:31:49', '2022-12-07 19:32:03'),
(561, 'ibu', 'ibu', 3, '2022-12-07 19:31:49', '2022-12-07 19:32:03'),
(562, 'anak', 'putra', 3, '2022-12-07 19:31:49', '2022-12-07 19:32:03'),
(563, 'bernama', 'namina', 3, '2022-12-07 19:31:49', '2022-12-07 19:32:03'),
(564, 'dada', 'harigu', 2, '2022-12-07 19:31:49', '2022-12-07 19:32:03'),
(565, 'cerita', 'carios', 2, '2022-12-07 19:31:49', '2022-12-07 19:32:03'),
(566, 'lama', 'lami', 2, '2022-12-07 19:31:49', '2022-12-07 19:32:03'),
(567, 'Kan', 'pan', 2, '2022-12-07 19:31:49', '2022-12-07 19:32:03'),
(568, 'kecewa', 'kuciwa', 2, '2022-12-07 19:31:49', '2022-12-07 19:32:03'),
(569, 'Tuhan', 'pangeran', 2, '2022-12-07 19:31:49', '2022-12-07 19:32:03'),
(570, 'siapapun', 'saha bae', 2, '2022-12-07 19:31:49', '2022-12-07 19:32:03'),
(571, 'Sejak', 'saprak', 3, '2022-12-07 19:31:49', '2022-12-07 19:32:03'),
(572, 'suaminya', 'salakina', 3, '2022-12-07 19:31:49', '2022-12-07 19:32:03'),
(573, 'meninggal', 'pupus', 3, '2022-12-07 19:31:49', '2022-12-07 19:32:03'),
(574, 'harus', 'kedah', 3, '2022-12-07 19:31:49', '2022-12-07 19:32:03'),
(575, 'mati-matian', 'pupus', 3, '2022-12-07 19:31:49', '2022-12-07 19:32:03'),
(576, 'Suatu', 'hiji', 2, '2022-12-07 19:31:49', '2022-12-07 19:32:03'),
(577, 'masa', 'mangsa', 2, '2022-12-07 19:31:49', '2022-12-07 19:32:03'),
(578, 'kita', 'urang', 2, '2022-12-07 19:31:49', '2022-12-07 19:32:03'),
(579, 'jumpa', 'pendak', 2, '2022-12-07 19:31:49', '2022-12-07 19:32:03'),
(580, 'pasangan', 'pasangan', 2, '2022-12-07 19:31:49', '2022-12-07 19:32:03'),
(581, 'berbeda', 'benten', 2, '2022-12-07 19:31:49', '2022-12-07 19:32:03'),
(582, 'Impian', 'impian', 4, '2022-12-07 19:31:49', '2022-12-07 19:32:03'),
(583, 'dapat', 'bisa', 4, '2022-12-07 19:31:49', '2022-12-07 19:32:03'),
(584, 'terwujud', 'kabiruyungan', 4, '2022-12-07 19:31:49', '2022-12-07 19:32:03'),
(585, 'ketika', 'waktu', 4, '2022-12-07 19:31:49', '2022-12-07 19:32:03'),
(586, 'seseorang', 'hiji jalma', 4, '2022-12-07 19:31:49', '2022-12-07 19:32:03'),
(587, 'berusaha', 'usaha', 4, '2022-12-07 19:31:49', '2022-12-07 19:32:03'),
(588, 'Meskipun', 'sanaos', 3, '2022-12-07 19:31:49', '2022-12-07 19:32:03'),
(589, 'begitu', 'kitu', 3, '2022-12-07 19:31:49', '2022-12-07 19:32:03'),
(590, 'tetap', 'angger', 3, '2022-12-07 19:31:49', '2022-12-07 19:32:03'),
(591, 'merasa', 'rumaos', 3, '2022-12-07 19:31:49', '2022-12-07 19:32:03'),
(592, 'merupakan', 'mangrupa', 3, '2022-12-07 19:31:49', '2022-12-07 19:32:03'),
(593, 'hanya', 'han', 4, '2022-12-07 19:31:49', '2022-12-07 19:32:03'),
(594, 'setiap', 'tiap', 4, '2022-12-07 19:31:49', '2022-12-07 19:32:03'),
(595, 'lebih', 'leuwih', 4, '2022-12-07 19:31:49', '2022-12-07 19:32:03'),
(596, 'bekerja', 'dijieun', 4, '2022-12-07 19:31:49', '2022-12-07 19:32:03'),
(597, 'giat', 'giat', 4, '2022-12-07 19:31:49', '2022-12-07 19:32:03'),
(598, 'sangat', 'pisan', 3, '2022-12-07 19:31:49', '2022-12-07 19:32:03'),
(599, 'manja', 'ogo', 3, '2022-12-07 19:31:49', '2022-12-07 19:32:03'),
(600, 'ibunya', 'indungna', 3, '2022-12-07 19:31:49', '2022-12-07 19:32:03'),
(601, 'bekerja', 'didamel', 3, '2022-12-07 19:31:49', '2022-12-07 19:32:03'),
(602, 'menjual', 'ngical', 3, '2022-12-07 19:31:49', '2022-12-07 19:32:03'),
(603, 'ikan', 'lauk', 3, '2022-12-07 19:31:49', '2022-12-07 19:32:03'),
(604, 'Dimana', 'di manten', 2, '2022-12-07 19:31:49', '2022-12-07 19:32:03'),
(605, 'sini', 'dieu', 2, '2022-12-07 19:31:49', '2022-12-07 19:32:03'),
(606, 'Kemana', 'ke manten', 2, '2022-12-07 19:31:49', '2022-12-07 19:32:03'),
(607, 'Katanya', 'sanggem', 2, '2022-12-07 19:31:49', '2022-12-07 19:32:03'),
(608, 'sebentar', 'sakedap', 2, '2022-12-07 19:31:49', '2022-12-07 19:32:03'),
(609, 'ternyata', 'tetela', 2, '2022-12-07 19:31:49', '2022-12-07 19:32:03'),
(610, 'menunggu', 'nungguan', 2, '2022-12-07 19:31:49', '2022-12-07 19:32:03'),
(611, 'hal-hal', 'perkara', 4, '2022-12-07 19:31:49', '2022-12-07 19:32:03'),
(612, 'kecil', 'leutik', 4, '2022-12-07 19:31:49', '2022-12-07 19:32:03'),
(613, 'dalam', 'dina', 4, '2022-12-07 19:31:49', '2022-12-07 19:32:03'),
(614, 'sebab', 'sabab', 4, '2022-12-07 19:31:49', '2022-12-07 19:32:03'),
(615, 'suatu', 'hiji', 4, '2022-12-07 19:31:49', '2022-12-07 19:32:03'),
(616, 'hari', 'poe', 4, '2022-12-07 19:31:49', '2022-12-07 19:32:03'),
(617, 'melihat', 'nenjo', 4, '2022-12-07 19:31:49', '2022-12-07 19:32:03'),
(618, 'belakang', 'tukang', 4, '2022-12-07 19:31:49', '2022-12-07 19:32:03'),
(619, 'kemudian', 'saterusna', 4, '2022-12-07 19:31:49', '2022-12-07 19:32:03'),
(620, 'menyadari', 'nyadar', 4, '2022-12-07 19:31:49', '2022-12-07 19:32:03'),
(621, 'bahwa', 'yen', 4, '2022-12-07 19:31:49', '2022-12-07 19:32:03'),
(622, 'itu', 'eta', 4, '2022-12-07 19:31:49', '2022-12-07 19:32:03'),
(623, 'adalah', 'nyaeta', 4, '2022-12-07 19:31:49', '2022-12-07 19:32:03'),
(624, 'besar', 'badag', 4, '2022-12-07 19:31:49', '2022-12-07 19:32:03'),
(625, 'saja', 'wae', 2, '2022-12-07 19:31:49', '2022-12-07 19:32:03'),
(626, 'kesepian', 'ngarasa tiiseun', 2, '2022-12-07 19:31:49', '2022-12-07 19:32:03'),
(627, 'Kemana', 'ke mana', 4, '2022-12-07 19:31:49', '2022-12-07 19:32:03'),
(628, 'diri', 'diri', 4, '2022-12-07 19:31:49', '2022-12-07 19:32:03'),
(629, 'segala', 'sagala', 4, '2022-12-07 19:31:49', '2022-12-07 19:32:03'),
(630, 'sesuatu', 'hiji hal', 4, '2022-12-07 19:31:49', '2022-12-07 19:32:03'),
(631, 'segenap', 'sakabeh', 4, '2022-12-07 19:31:49', '2022-12-07 19:32:03'),
(632, 'janji-janji', 'jangji', 2, '2022-12-07 19:31:49', '2022-12-07 19:32:03'),
(633, 'bohong', 'bohong', 2, '2022-12-07 19:31:49', '2022-12-07 19:32:03'),
(634, 'Cerita', 'carios', 3, '2022-12-07 19:31:49', '2022-12-07 19:32:03'),
(635, 'Rakyat', 'rahayat', 3, '2022-12-07 19:31:49', '2022-12-07 19:32:03'),
(636, 'Indonesia', 'indonesia', 3, '2022-12-07 19:31:49', '2022-12-07 19:32:03'),
(637, 'Paling', 'nu mawi', 3, '2022-12-07 19:31:49', '2022-12-07 19:32:03'),
(638, 'Terkenal', 'kakoncara', 3, '2022-12-07 19:31:49', '2022-12-07 19:32:03'),
(639, 'Kaya', 'jegud', 3, '2022-12-07 19:31:49', '2022-12-07 19:32:03'),
(640, 'Pesan', 'talatah', 3, '2022-12-07 19:31:49', '2022-12-07 19:32:03'),
(641, 'Sering', 'sering', 3, '2022-12-07 19:31:49', '2022-12-07 19:32:03'),
(642, 'dengar', 'dangu', 3, '2022-12-07 19:31:49', '2022-12-07 19:32:03'),
(643, 'saat', 'waktos', 3, '2022-12-07 19:31:49', '2022-12-07 19:32:03'),
(644, 'membaca', 'maos', 3, '2022-12-07 19:31:49', '2022-12-07 19:32:03'),
(645, 'lestari', 'langgeng', 3, '2022-12-07 19:31:49', '2022-12-07 19:32:03'),
(646, 'beragam', 'rupa-rupa', 3, '2022-12-07 19:31:49', '2022-12-07 19:32:03'),
(647, 'bahasa', 'nalika', 3, '2022-12-07 19:31:49', '2022-12-07 19:32:03'),
(648, 'suku', 'suku', 3, '2022-12-07 19:31:49', '2022-12-07 19:32:03'),
(649, 'makanan', 'leeutan', 3, '2022-12-07 19:31:49', '2022-12-07 19:32:03'),
(650, 'maupun', 'atawa', 3, '2022-12-07 19:31:49', '2022-12-07 19:32:03'),
(651, 'warisan', 'pusaka', 3, '2022-12-07 19:31:49', '2022-12-07 19:32:03'),
(652, 'budaya', 'budaya', 3, '2022-12-07 19:31:49', '2022-12-07 19:32:03'),
(653, 'Salah', 'lepat', 3, '2022-12-07 19:31:49', '2022-12-07 19:32:03'),
(654, 'adalah', 'nyaeta', 3, '2022-12-07 19:31:49', '2022-12-07 19:32:03'),
(655, 'turun', 'lungsur', 3, '2022-12-07 19:31:49', '2022-12-07 19:32:03'),
(656, 'disampaikan', 'ditepikeun', 3, '2022-12-07 19:31:49', '2022-12-07 19:32:03'),
(657, 'secara', 'sacara', 3, '2022-12-07 19:31:49', '2022-12-07 19:32:03'),
(658, 'oleh', 'ku', 3, '2022-12-07 19:31:49', '2022-12-07 19:32:03'),
(659, 'kakek', 'aki', 3, '2022-12-07 19:31:49', '2022-12-07 19:32:03'),
(660, 'hingga', 'dugi', 3, '2022-12-07 19:31:49', '2022-12-07 19:32:03'),
(661, 'guru', 'guru', 3, '2022-12-07 19:31:49', '2022-12-07 19:32:03'),
(662, 'umumnya', 'umumna', 3, '2022-12-07 19:31:49', '2022-12-07 19:32:03'),
(663, 'bersifat', 'boga sipat', 3, '2022-12-07 19:31:49', '2022-12-07 19:32:03'),
(664, 'atau', 'atawa', 3, '2022-12-07 19:31:49', '2022-12-07 19:32:03'),
(665, 'dikenal', 'dipikawanoh', 3, '2022-12-07 19:31:49', '2022-12-07 19:32:03'),
(666, 'menjadi', 'barobah kaayaan', 3, '2022-12-07 19:31:49', '2022-12-07 19:32:03'),
(667, 'bagian', 'haturan', 3, '2022-12-07 19:31:49', '2022-12-07 19:32:03'),
(668, 'dari', 'ti', 3, '2022-12-07 19:31:49', '2022-12-07 19:32:03'),
(669, 'Hampir', 'ampir', 3, '2022-12-07 19:31:49', '2022-12-07 19:32:03'),
(670, 'daerah', 'wewengkon', 3, '2022-12-07 19:31:49', '2022-12-07 19:32:03'),
(671, 'memiliki', 'ngabogaan', 3, '2022-12-07 19:31:49', '2022-12-07 19:32:03'),
(672, 'masing-masing', 'sewang', 3, '2022-12-07 19:31:49', '2022-12-07 19:32:03'),
(673, 'Nah', 'tah', 3, '2022-12-07 19:31:49', '2022-12-07 19:32:03'),
(674, 'ingat-ingat', 'emut', 3, '2022-12-07 19:31:49', '2022-12-07 19:32:03'),
(675, 'sebentar', 'sakedap', 3, '2022-12-07 19:31:49', '2022-12-07 19:32:03'),
(676, 'bawah', 'handap', 3, '2022-12-07 19:31:49', '2022-12-07 19:32:03'),
(677, 'pesisir', 'basisir', 3, '2022-12-07 19:31:49', '2022-12-07 19:32:03'),
(678, 'pantai', 'basisir', 3, '2022-12-07 19:31:49', '2022-12-07 19:32:03'),
(679, 'Barat', 'kulon', 3, '2022-12-07 19:31:49', '2022-12-07 19:32:03'),
(680, 'Semakin', 'beuki', 3, '2022-12-07 19:31:49', '2022-12-07 19:32:03'),
(681, 'dewasa', 'sawawa', 3, '2022-12-07 19:31:49', '2022-12-07 19:32:03'),
(682, 'saatnya', 'waktuna', 3, '2022-12-07 19:31:49', '2022-12-07 19:32:03'),
(683, 'menggantikan', 'ngagantikeun', 3, '2022-12-07 19:31:49', '2022-12-07 19:32:03'),
(684, 'mampu', 'sanggup', 4, '2022-12-07 19:31:49', '2022-12-07 19:32:03'),
(685, 'didapatkan', 'beunang', 4, '2022-12-07 19:31:49', '2022-12-07 19:32:03'),
(686, 'berjuang', 'juang', 4, '2022-12-07 19:31:49', '2022-12-07 19:32:03'),
(687, 'keras', 'teuas', 4, '2022-12-07 19:31:49', '2022-12-07 19:32:03'),
(688, 'Namun', 'nanging', 3, '2022-12-07 19:31:49', '2022-12-07 19:32:03'),
(689, 'keinginan', 'kahayang', 3, '2022-12-07 19:31:49', '2022-12-07 19:32:03'),
(690, 'lain', 'sanes', 3, '2022-12-07 19:31:49', '2022-12-07 19:32:03'),
(691, 'ketika', 'sabot', 3, '2022-12-07 19:31:49', '2022-12-07 19:32:03'),
(692, 'melihat', 'ningali', 3, '2022-12-07 19:31:49', '2022-12-07 19:32:03'),
(693, 'banyak', 'seueur', 3, '2022-12-07 19:31:49', '2022-12-07 19:32:03'),
(694, 'teman', 'rerencangan', 3, '2022-12-07 19:31:49', '2022-12-07 19:32:03'),
(695, 'raya', 'raya', 3, '2022-12-07 19:31:49', '2022-12-07 19:32:03'),
(696, 'dalam', 'dina', 3, '2022-12-07 19:31:49', '2022-12-07 19:32:03'),
(697, 'waktu', 'waktos', 3, '2022-12-07 19:31:49', '2022-12-07 19:32:03'),
(698, 'cepat', 'enggal', 3, '2022-12-07 19:31:49', '2022-12-07 19:32:03'),
(699, 'setelah', 'sanggeus', 3, '2022-12-07 19:31:49', '2022-12-07 19:32:03'),
(700, 'berjualan', 'icalan', 3, '2022-12-07 19:31:49', '2022-12-07 19:32:03'),
(701, 'kota', 'dayeuh', 3, '2022-12-07 19:31:49', '2022-12-07 19:32:03'),
(702, 'berupaya', 'narekahan', 3, '2022-12-07 19:31:49', '2022-12-07 19:32:03'),
(703, 'bahwa', 'yen', 3, '2022-12-07 19:31:49', '2022-12-07 19:32:03'),
(704, 'baik-baik', 'sae', 3, '2022-12-07 19:31:49', '2022-12-07 19:32:03'),
(705, 'saja', 'wae', 3, '2022-12-07 19:31:49', '2022-12-07 19:32:03'),
(706, 'memiliki', 'ngabogaan', 4, '2022-12-07 19:31:49', '2022-12-07 19:32:03'),
(707, 'masing-masing', 'sewang', 4, '2022-12-07 19:31:49', '2022-12-07 19:32:03'),
(708, 'gagal', 'gagal', 4, '2022-12-07 19:31:49', '2022-12-07 19:32:03'),
(709, 'Maka', 'mangka', 4, '2022-12-07 19:31:49', '2022-12-07 19:32:03'),
(710, 'masih', 'keneh', 4, '2022-12-07 19:31:49', '2022-12-07 19:32:03'),
(711, 'muda', 'ngora', 4, '2022-12-07 19:31:49', '2022-12-07 19:32:03'),
(712, 'Terima', 'tampi', 2, '2022-12-07 19:31:49', '2022-12-07 19:32:03'),
(713, 'kasih', 'kaasih', 2, '2022-12-07 19:31:49', '2022-12-07 19:32:03'),
(714, 'luka', 'tatu', 2, '2022-12-07 19:31:49', '2022-12-07 19:32:03'),
(715, 'beri', 'pasihan', 2, '2022-12-07 19:31:49', '2022-12-07 19:32:03'),
(716, 'percaya', 'percanten', 2, '2022-12-07 19:31:49', '2022-12-07 19:32:03'),
(717, 'begini', 'kieu', 2, '2022-12-07 19:31:49', '2022-12-07 19:32:03'),
(718, 'menjadi', 'barobah kaayaan', 2, '2022-12-07 19:31:49', '2022-12-07 19:32:03'),
(719, 'malaikat', 'malaekat', 2, '2022-12-07 19:31:49', '2022-12-07 19:32:03'),
(720, 'hati', 'hate', 2, '2022-12-07 19:31:49', '2022-12-07 19:32:03'),
(721, 'melepaskan', 'ngalaan', 3, '2022-12-07 19:31:49', '2022-12-07 19:32:03'),
(722, 'hendak', 'bade', 3, '2022-12-07 19:31:49', '2022-12-07 19:32:03'),
(723, 'Sukses', 'sukses', 4, '2022-12-07 19:31:49', '2022-12-07 19:32:03'),
(724, 'jumlah', 'jumlah', 4, '2022-12-07 19:31:49', '2022-12-07 19:32:03'),
(725, 'dari', 'ti', 4, '2022-12-07 19:31:49', '2022-12-07 19:32:03'),
(726, 'upaya', 'usaha', 4, '2022-12-07 19:31:49', '2022-12-07 19:32:03'),
(727, 'demi', 'demi', 4, '2022-12-07 19:31:49', '2022-12-07 19:32:03'),
(728, 'erat', 'reukeut', 3, '2022-12-07 19:31:49', '2022-12-07 19:32:03'),
(729, 'tangan', 'panangan', 3, '2022-12-07 19:31:49', '2022-12-07 19:32:03'),
(730, 'tepi', 'sisi', 3, '2022-12-07 19:31:49', '2022-12-07 19:32:03'),
(731, 'Manis', 'amis', 3, '2022-12-07 19:31:49', '2022-12-07 19:32:03'),
(732, 'mengantarkan', 'nganteurkeun', 3, '2022-12-07 19:31:49', '2022-12-07 19:32:03'),
(733, 'benci', 'ceuceub', 2, '2022-12-07 19:31:49', '2022-12-07 19:32:03'),
(734, 'menjadi', 'jadi', 4, '2022-12-07 19:31:49', '2022-12-07 19:32:03'),
(735, 'lain', 'sejen', 4, '2022-12-07 19:31:49', '2022-12-07 19:32:03'),
(736, 'Beberapa', 'sababaraha', 3, '2022-12-07 19:31:49', '2022-12-07 19:32:03'),
(737, 'lama', 'lami', 3, '2022-12-07 19:31:49', '2022-12-07 19:32:03'),
(738, 'kemudian', 'saterusna', 3, '2022-12-07 19:31:49', '2022-12-07 19:32:03'),
(739, 'pulang', 'mulih', 3, '2022-12-07 19:31:49', '2022-12-07 19:32:03'),
(740, 'rumah', 'bumi', 3, '2022-12-07 19:31:49', '2022-12-07 19:32:03'),
(741, 'Bertahun-tahun', 'warsih', 3, '2022-12-07 19:31:49', '2022-12-07 19:32:03'),
(742, 'sendirian', 'sorangan', 3, '2022-12-07 19:31:49', '2022-12-07 19:32:03'),
(743, 'malu', 'era', 4, '2022-12-07 19:31:49', '2022-12-07 19:32:03'),
(744, 'darinya', 'ti Mantenna', 4, '2022-12-07 19:31:49', '2022-12-07 19:32:03'),
(745, 'mulai', 'asal', 4, '2022-12-07 19:31:49', '2022-12-07 19:32:03'),
(746, 'usah', 'kedah', 2, '2022-12-07 19:31:49', '2022-12-07 19:32:03'),
(747, 'kembali', 'balik', 2, '2022-12-07 19:31:49', '2022-12-07 19:32:03'),
(748, 'hanya', 'ngan', 2, '2022-12-07 19:31:49', '2022-12-07 19:32:03'),
(749, 'mengundang', 'ngondang', 2, '2022-12-07 19:31:49', '2022-12-07 19:32:03'),
(750, 'Cukup', 'cekap', 2, '2022-12-07 19:31:49', '2022-12-07 19:32:03'),
(751, 'biarkan', 'kajeun', 4, '2022-12-07 19:31:49', '2022-12-07 19:32:03'),
(752, 'rasa', 'asa', 4, '2022-12-07 19:31:49', '2022-12-07 19:32:03'),
(753, 'takut', 'inggis', 4, '2022-12-07 19:31:49', '2022-12-07 19:32:03'),
(754, 'kalah', 'eleh', 4, '2022-12-07 19:31:49', '2022-12-07 19:32:03'),
(755, 'daripada', 'daripada', 4, '2022-12-07 19:31:49', '2022-12-07 19:32:03'),
(756, 'menang', 'meunang', 4, '2022-12-07 19:31:49', '2022-12-07 19:32:03'),
(757, 'mendapatkan', 'meunangkeun', 3, '2022-12-07 19:31:49', '2022-12-07 19:32:03'),
(758, 'kabar', 'wartos', 3, '2022-12-07 19:31:49', '2022-12-07 19:32:03'),
(759, 'satu', 'hiji', 3, '2022-12-07 19:31:49', '2022-12-07 19:32:03'),
(760, 'temannya', 'baturna', 3, '2022-12-07 19:31:49', '2022-12-07 19:32:03'),
(761, 'seberang', 'peuntas', 3, '2022-12-07 19:31:49', '2022-12-07 19:32:03'),
(762, 'Janji', 'jangji', 2, '2022-12-07 19:31:49', '2022-12-07 19:32:03'),
(763, 'ingat', 'emut', 2, '2022-12-07 19:31:49', '2022-12-07 19:32:03'),
(764, 'setia', 'satia', 2, '2022-12-07 19:31:49', '2022-12-07 19:32:03'),
(765, 'berubah', 'robah', 4, '2022-12-07 19:31:49', '2022-12-07 19:32:03'),
(766, 'kegagalan', 'kagagalan', 4, '2022-12-07 19:31:49', '2022-12-07 19:32:03'),
(767, 'tanpa', 'tanpa', 4, '2022-12-07 19:31:49', '2022-12-07 19:32:03'),
(768, 'kehilangan', 'kaleungitan', 4, '2022-12-07 19:31:49', '2022-12-07 19:32:03'),
(769, 'Terlampau', 'pisan', 2, '2022-12-07 19:31:49', '2022-12-07 19:32:03'),
(770, 'sering', 'sering', 2, '2022-12-07 19:31:49', '2022-12-07 19:32:03'),
(771, 'buang', 'piceun', 2, '2022-12-07 19:31:49', '2022-12-07 19:32:03'),
(772, 'dalamnya', 'jerona', 2, '2022-12-07 19:31:49', '2022-12-07 19:32:03');
INSERT INTO `word` (`id`, `name`, `translated`, `type_id`, `createdAt`, `updatedAt`) VALUES
(773, 'rasa', 'rasa', 2, '2022-12-07 19:31:49', '2022-12-07 19:32:03'),
(774, 'tentang', 'ngeunaan', 4, '2022-12-07 19:31:49', '2022-12-07 19:32:03'),
(775, 'menemukan', 'manggih', 4, '2022-12-07 19:31:49', '2022-12-07 19:32:03'),
(776, 'membangun', 'ngawangun', 4, '2022-12-07 19:31:49', '2022-12-07 19:32:03'),
(777, 'banyak', 'seueur', 2, '2022-12-07 19:31:49', '2022-12-07 19:32:03'),
(778, 'Menyakiti', 'nganyenyeri', 2, '2022-12-07 19:31:49', '2022-12-07 19:32:03'),
(779, 'manusia', 'jalmi', 2, '2022-12-07 19:31:49', '2022-12-07 19:32:03'),
(780, 'Berulang', 'berulang', 2, '2022-12-07 19:31:49', '2022-12-07 19:32:03'),
(781, 'lakukan', 'pigawe', 2, '2022-12-07 19:31:49', '2022-12-07 19:32:03'),
(782, 'bulan', 'sasih', 3, '2022-12-07 19:31:49', '2022-12-07 19:32:03'),
(783, 'Istri', 'pamajikan', 3, '2022-12-07 19:31:49', '2022-12-07 19:32:03'),
(784, 'hamil', 'bobot', 3, '2022-12-07 19:31:49', '2022-12-07 19:32:03'),
(785, 'Jika', 'lamun', 2, '2022-12-07 19:31:49', '2022-12-07 19:32:03'),
(786, 'cinta', 'tresna', 2, '2022-12-07 19:31:49', '2022-12-07 19:32:03'),
(787, 'Tinggalkan', 'tinggalkeun', 2, '2022-12-07 19:31:49', '2022-12-07 19:32:03'),
(788, 'tanpa', 'tanpa', 2, '2022-12-07 19:31:49', '2022-12-07 19:32:03'),
(789, 'Teramat', 'kacida pisan', 2, '2022-12-07 19:31:49', '2022-12-07 19:32:03'),
(790, 'membuat', 'midamel', 2, '2022-12-07 19:31:49', '2022-12-07 19:32:03'),
(791, 'patah', 'pites', 2, '2022-12-07 19:31:49', '2022-12-07 19:32:03'),
(792, 'menyayangi', 'menyayangi', 3, '2022-12-07 19:31:49', '2022-12-07 19:32:03'),
(793, 'mengabulkan', 'ngabulkeun', 3, '2022-12-07 19:31:49', '2022-12-07 19:32:03'),
(794, 'permintaan', 'kahoyong', 3, '2022-12-07 19:31:49', '2022-12-07 19:32:03'),
(795, 'itu', 'eta', 3, '2022-12-07 19:31:49', '2022-12-07 19:32:03'),
(796, 'perjalanan', 'lalampahan', 3, '2022-12-07 19:31:49', '2022-12-07 19:32:03'),
(797, 'teringat', 'kainget', 3, '2022-12-07 19:31:49', '2022-12-07 19:32:03'),
(798, 'malu', 'lingsem', 3, '2022-12-07 19:31:49', '2022-12-07 19:32:03'),
(799, 'jika', 'lamun', 3, '2022-12-07 19:31:49', '2022-12-07 19:32:03'),
(800, 'selama', 'salila', 2, '2022-12-07 19:31:49', '2022-12-07 19:32:03'),
(801, 'padamu', 'ka anjeun', 2, '2022-12-07 19:31:49', '2022-12-07 19:32:03'),
(802, 'Bagian', 'bagea', 4, '2022-12-07 19:31:49', '2022-12-07 19:32:03'),
(803, 'pada', 'di', 4, '2022-12-07 19:31:49', '2022-12-07 19:32:03'),
(804, 'beberapa', 'sababaraha', 4, '2022-12-07 19:31:49', '2022-12-07 19:32:03'),
(805, 'hal', 'perkara', 4, '2022-12-07 19:31:49', '2022-12-07 19:32:03'),
(806, 'kapal', 'kapal', 3, '2022-12-07 19:31:49', '2022-12-07 19:32:03'),
(807, 'mereka', 'maranehanana', 3, '2022-12-07 19:31:49', '2022-12-07 19:32:03'),
(808, 'pinggir', 'sisi', 3, '2022-12-07 19:31:49', '2022-12-07 19:32:03'),
(809, 'anaknya', 'anakna', 3, '2022-12-07 19:31:49', '2022-12-07 19:32:03'),
(810, 'yakin', 'yakin', 3, '2022-12-07 19:31:49', '2022-12-07 19:32:03'),
(811, 'berlari', 'lumpat', 3, '2022-12-07 19:31:49', '2022-12-07 19:32:03'),
(812, 'tubuh', 'salira', 3, '2022-12-07 19:31:49', '2022-12-07 19:32:03'),
(813, 'percaya', 'percaya', 4, '2022-12-07 19:31:49', '2022-12-07 19:32:03'),
(814, 'Anda', 'maneh', 4, '2022-12-07 19:31:49', '2022-12-07 19:32:03'),
(815, 'sebelum', 'samemeh', 4, '2022-12-07 19:31:49', '2022-12-07 19:32:03'),
(816, 'memulai', 'mitembeyan', 4, '2022-12-07 19:31:49', '2022-12-07 19:32:03'),
(817, 'sembunyi', 'nyumput', 2, '2022-12-07 19:31:49', '2022-12-07 19:32:03'),
(818, 'dari', 'ti', 2, '2022-12-07 19:31:49', '2022-12-07 19:32:03'),
(819, 'terjadi', 'lumangsung', 2, '2022-12-07 19:31:49', '2022-12-07 19:32:03'),
(820, 'seharusnya', 'sakedahna', 2, '2022-12-07 19:31:49', '2022-12-07 19:32:03'),
(821, 'kunci', 'konci', 2, '2022-12-07 19:31:49', '2022-12-07 19:32:03'),
(822, 'seolah-olah', 'olah', 4, '2022-12-07 19:31:49', '2022-12-07 19:32:03'),
(823, 'selamanya', 'salilana', 4, '2022-12-07 19:31:49', '2022-12-07 19:32:03'),
(824, 'mengakui', 'ngajirim', 3, '2022-12-07 19:31:49', '2022-12-07 19:32:03'),
(825, 'bahkan', 'sumawonten', 3, '2022-12-07 19:31:49', '2022-12-07 19:32:03'),
(826, 'menarik', 'metot', 3, '2022-12-07 19:31:49', '2022-12-07 19:32:03'),
(827, 'meninggalkan', 'ninggalkeun', 3, '2022-12-07 19:31:49', '2022-12-07 19:32:03'),
(828, 'sedih', 'hanjelu', 3, '2022-12-07 19:31:49', '2022-12-07 19:32:03'),
(829, 'sekaligus', 'sakaligus', 3, '2022-12-07 19:31:49', '2022-12-07 19:32:03'),
(830, 'marah', 'bendu', 3, '2022-12-07 19:31:49', '2022-12-07 19:32:03'),
(831, 'Bertanya', 'naros', 2, '2022-12-07 19:31:49', '2022-12-07 19:32:03'),
(832, 'pada', 'dina', 2, '2022-12-07 19:31:49', '2022-12-07 19:32:03'),
(833, 'bertahan', 'tahan', 2, '2022-12-07 19:31:49', '2022-12-07 19:32:03'),
(834, 'Jika', 'lamun', 4, '2022-12-07 19:31:49', '2022-12-07 19:32:03'),
(835, 'melakukan', 'ngalakukeun', 4, '2022-12-07 19:31:49', '2022-12-07 19:32:03'),
(836, 'apa', 'naon', 4, '2022-12-07 19:31:49', '2022-12-07 19:32:03'),
(837, 'lakukan', 'pigawe', 4, '2022-12-07 19:31:49', '2022-12-07 19:32:03'),
(838, 'mendapatkan', 'meunangkeun', 4, '2022-12-07 19:31:49', '2022-12-07 19:32:03'),
(839, 'batu', 'batu', 3, '2022-12-07 19:31:49', '2022-12-07 19:32:03'),
(840, 'Langit', 'langit', 3, '2022-12-07 19:31:49', '2022-12-07 19:32:03'),
(841, 'doa', 'dua', 3, '2022-12-07 19:31:49', '2022-12-07 19:32:03'),
(842, 'terdengar', 'kadenge', 3, '2022-12-07 19:31:49', '2022-12-07 19:32:03'),
(843, 'perbuatan', 'gawena', 3, '2022-12-07 19:31:49', '2022-12-07 19:32:03'),
(844, 'lakukan', 'pigawe', 3, '2022-12-07 19:31:49', '2022-12-07 19:32:03'),
(845, 'Keesokan', 'enjing', 3, '2022-12-07 19:31:49', '2022-12-07 19:32:03'),
(846, 'paginya', 'isukna', 3, '2022-12-07 19:31:49', '2022-12-07 19:32:03'),
(847, 'terkejut', 'kaget', 3, '2022-12-07 19:31:49', '2022-12-07 19:32:03'),
(848, 'menemukan', 'mendak', 3, '2022-12-07 19:31:49', '2022-12-07 19:32:03'),
(849, 'kepingan', 'sesemplekan', 3, '2022-12-07 19:31:49', '2022-12-07 19:32:03'),
(850, 'berserakan', 'ambacak', 3, '2022-12-07 19:31:49', '2022-12-07 19:32:03'),
(851, 'lebih', 'langkung', 3, '2022-12-07 19:31:49', '2022-12-07 19:32:03'),
(852, 'berbentuk', 'ngawangun', 3, '2022-12-07 19:31:49', '2022-12-07 19:32:03'),
(853, 'manusia', 'jalmi', 3, '2022-12-07 19:31:49', '2022-12-07 19:32:03'),
(854, 'tengah', 'keur', 3, '2022-12-07 19:31:49', '2022-12-07 19:32:03'),
(855, 'bersujud', 'sumujud', 3, '2022-12-07 19:31:49', '2022-12-07 19:32:03'),
(856, 'nyata', 'tela', 3, '2022-12-07 19:31:49', '2022-12-07 19:32:03'),
(857, 'kutuk', 'kutuk', 3, '2022-12-07 19:31:49', '2022-12-07 19:32:03'),
(858, 'menangis', 'nangis', 3, '2022-12-07 19:31:49', '2022-12-07 19:32:03'),
(859, 'Desa', 'desa', 3, '2022-12-07 19:31:49', '2022-12-07 19:32:03'),
(860, 'ada', 'aya', 3, '2022-12-07 19:31:49', '2022-12-07 19:32:03'),
(861, 'sebuah', 'hiji', 3, '2022-12-07 19:31:49', '2022-12-07 19:32:03'),
(862, 'kerajaan', 'karajaan', 3, '2022-12-07 19:31:49', '2022-12-07 19:32:03'),
(863, 'dipimpin', 'dipingpin', 3, '2022-12-07 19:31:49', '2022-12-07 19:32:03'),
(864, 'putri', 'putri', 3, '2022-12-07 19:31:49', '2022-12-07 19:32:03'),
(865, 'dikalahkan', 'dielehkeun', 3, '2022-12-07 19:31:49', '2022-12-07 19:32:03'),
(866, 'tewas', 'tiwas', 3, '2022-12-07 19:31:49', '2022-12-07 19:32:03'),
(867, 'perang', 'perang', 3, '2022-12-07 19:31:49', '2022-12-07 19:32:03'),
(868, 'terbunuh', 'dipaehan', 3, '2022-12-07 19:31:49', '2022-12-07 19:32:03'),
(869, 'sakti', 'sakti', 3, '2022-12-07 19:31:49', '2022-12-07 19:32:03'),
(870, 'Jujur', 'jujur', 2, '2022-12-07 19:31:49', '2022-12-07 19:32:03'),
(871, 'mampu', 'sanggem', 2, '2022-12-07 19:31:49', '2022-12-07 19:32:03'),
(872, 'malah', 'malih', 2, '2022-12-07 19:31:49', '2022-12-07 19:32:03'),
(873, 'mengganggu', 'ngaganggu', 2, '2022-12-07 19:31:49', '2022-12-07 19:32:03'),
(874, 'menghasilkan', 'ngahasilkeun', 3, '2022-12-07 19:31:49', '2022-12-07 19:32:03'),
(875, 'uang', 'artos', 3, '2022-12-07 19:31:49', '2022-12-07 19:32:03'),
(876, 'putra', 'putra', 3, '2022-12-07 19:31:49', '2022-12-07 19:32:03'),
(877, 'Jangan', 'teu kenging', 3, '2022-12-07 19:31:49', '2022-12-07 19:32:03'),
(878, 'Tetaplah', 'angger', 3, '2022-12-07 19:31:49', '2022-12-07 19:32:03'),
(879, 'sini', 'dieu', 3, '2022-12-07 19:31:49', '2022-12-07 19:32:03'),
(880, 'hal', 'perkawis', 3, '2022-12-07 19:31:49', '2022-12-07 19:32:03'),
(881, 'buruk', 'awon', 3, '2022-12-07 19:31:49', '2022-12-07 19:32:03'),
(882, 'Hati-hati', 'manah', 3, '2022-12-07 19:31:49', '2022-12-07 19:32:03'),
(883, 'ya', 'nya', 3, '2022-12-07 19:31:49', '2022-12-07 19:32:03'),
(884, 'lupa', 'lali', 3, '2022-12-07 19:31:49', '2022-12-07 19:32:03'),
(885, 'menikah', 'nikah', 3, '2022-12-07 19:31:49', '2022-12-07 19:32:03'),
(886, 'kembali', 'balik', 3, '2022-12-07 19:31:49', '2022-12-07 19:32:03'),
(887, 'jelas', 'tangtos', 3, '2022-12-07 19:31:49', '2022-12-07 19:32:03'),
(888, 'baru', 'anyar', 3, '2022-12-07 19:31:49', '2022-12-07 19:32:03'),
(889, 'pasti', 'tangtos', 3, '2022-12-07 19:31:49', '2022-12-07 19:32:03'),
(890, 'didorong', 'disurungkeun', 3, '2022-12-07 19:31:49', '2022-12-07 19:32:03'),
(891, 'perempuan', 'awewe', 3, '2022-12-07 19:31:49', '2022-12-07 19:32:03'),
(892, 'lusuh', 'leuseuh', 3, '2022-12-07 19:31:49', '2022-12-07 19:32:03'),
(893, 'Kenapa', 'naha', 3, '2022-12-07 19:31:49', '2022-12-07 19:32:03'),
(894, 'bilang', 'ngomong', 3, '2022-12-07 19:31:49', '2022-12-07 19:32:03'),
(895, 'terungkap', 'kaungkab', 3, '2022-12-07 19:31:49', '2022-12-07 19:32:03'),
(896, 'bukan', 'sanes', 3, '2022-12-07 19:31:49', '2022-12-07 19:32:03'),
(897, 'durhaka', 'doraka', 3, '2022-12-07 19:31:49', '2022-12-07 19:32:03'),
(898, 'ombak', 'ombak', 3, '2022-12-07 19:31:49', '2022-12-07 19:32:03'),
(899, 'Dahulu', 'kapungkur', 3, '2022-12-07 19:31:49', '2022-12-07 19:32:03'),
(900, 'kala', 'basa', 3, '2022-12-07 19:31:49', '2022-12-07 19:32:03'),
(901, 'Tapi', 'nanging', 2, '2022-12-07 19:31:49', '2022-12-07 19:32:03'),
(902, 'terbaik', 'nyongcolang', 2, '2022-12-07 19:31:49', '2022-12-07 19:32:03'),
(903, 'bintang', 'bentang', 2, '2022-12-07 19:31:49', '2022-12-07 19:32:03'),
(904, 'ragu', 'asa', 2, '2022-12-07 19:31:49', '2022-12-07 19:32:03'),
(905, 'setiap', 'saban', 2, '2022-12-07 19:31:49', '2022-12-07 19:32:03'),
(906, 'Istana', 'karaton', 3, '2022-12-07 19:31:49', '2022-12-07 19:32:03'),
(907, 'jelita', 'geulis', 3, '2022-12-07 19:31:49', '2022-12-07 19:32:03'),
(908, 'yaitu', 'yaktos', 3, '2022-12-07 19:31:49', '2022-12-07 19:32:03'),
(909, 'timbul', 'muncul', 3, '2022-12-07 19:31:49', '2022-12-07 19:32:03'),
(910, 'keinginannya', 'kahayangna', 3, '2022-12-07 19:31:49', '2022-12-07 19:32:03'),
(911, 'membunuh', 'maehan', 3, '2022-12-07 19:31:49', '2022-12-07 19:32:03'),
(912, 'ayahnya', 'bapana', 3, '2022-12-07 19:31:49', '2022-12-07 19:32:03'),
(913, 'rendah', 'handap', 4, '2022-12-07 19:31:49', '2022-12-07 19:32:03'),
(914, 'kecuali', 'iwal', 4, '2022-12-07 19:31:49', '2022-12-07 19:32:03'),
(915, 'cara', 'cara', 4, '2022-12-07 19:31:49', '2022-12-07 19:32:03'),
(916, 'salah', 'salah', 4, '2022-12-07 19:31:49', '2022-12-07 19:32:03'),
(917, 'saling', 'silih', 2, '2022-12-07 19:31:49', '2022-12-07 19:32:03'),
(918, 'mencintai', 'mitresna', 2, '2022-12-07 19:31:49', '2022-12-07 19:32:03'),
(919, 'dunia', 'dunya', 4, '2022-12-07 19:31:49', '2022-12-07 19:32:03'),
(920, 'inginkan', 'hayang', 4, '2022-12-07 19:31:49', '2022-12-07 19:32:03'),
(921, 'Segera', 'geura-giru', 4, '2022-12-07 19:31:49', '2022-12-07 19:32:03'),
(922, 'bangun', 'hudang', 4, '2022-12-07 19:31:49', '2022-12-07 19:32:03'),
(923, 'mimpi-mimpimu', 'impi', 4, '2022-12-07 19:31:49', '2022-12-07 19:32:03'),
(924, 'atau', 'atawa', 4, '2022-12-07 19:31:49', '2022-12-07 19:32:03'),
(925, 'mimpi-mimpi', 'impi', 4, '2022-12-07 19:31:49', '2022-12-07 19:32:03'),
(926, 'mereka', 'maranehanana', 4, '2022-12-07 19:31:49', '2022-12-07 19:32:03'),
(927, 'Satu-satunya', 'hiji', 4, '2022-12-07 19:31:49', '2022-12-07 19:32:03'),
(928, 'pekerjaan', 'pagawean', 4, '2022-12-07 19:31:49', '2022-12-07 19:32:03'),
(929, 'mencintai', 'mikabogoh', 4, '2022-12-07 19:31:49', '2022-12-07 19:32:03'),
(930, 'kehabisan', 'kabeakan', 4, '2022-12-07 19:31:49', '2022-12-07 19:32:03'),
(931, 'Makin', 'beuki', 4, '2022-12-07 19:31:49', '2022-12-07 19:32:03'),
(932, 'banyak', 'loba', 4, '2022-12-07 19:31:49', '2022-12-07 19:32:03'),
(933, 'gunakan', 'pake', 4, '2022-12-07 19:31:49', '2022-12-07 19:32:03'),
(934, 'Indonesia', 'indonesia', 2, '2022-12-07 19:31:49', '2022-12-07 19:32:03'),
(935, 'tanah', 'taneuh', 2, '2022-12-07 19:31:49', '2022-12-07 19:32:03'),
(936, 'tumpah', 'bahe', 2, '2022-12-07 19:31:49', '2022-12-07 19:32:03'),
(937, 'berdiri', 'tangtung', 2, '2022-12-07 19:31:49', '2022-12-07 19:32:03'),
(938, 'pandu', 'tuduh jalan', 2, '2022-12-07 19:31:49', '2022-12-07 19:32:03'),
(939, 'Bangsa', 'bangsa', 2, '2022-12-07 19:31:49', '2022-12-07 19:32:03'),
(940, 'berseru', 'ngagero', 2, '2022-12-07 19:31:49', '2022-12-07 19:32:03'),
(941, 'bersatu', 'ngahiji', 2, '2022-12-07 19:31:49', '2022-12-07 19:32:03'),
(942, 'Kesempatan', 'kasempetan', 4, '2022-12-07 19:31:49', '2022-12-07 19:32:03'),
(943, 'mirip', 'rimbag', 4, '2022-12-07 19:31:49', '2022-12-07 19:32:03'),
(944, 'matahari', 'panonpoe', 4, '2022-12-07 19:31:49', '2022-12-07 19:32:03'),
(945, 'terbit', 'medal', 4, '2022-12-07 19:31:49', '2022-12-07 19:32:03'),
(946, 'Kalau', 'mungguh', 4, '2022-12-07 19:31:49', '2022-12-07 19:32:03'),
(947, 'menunggu', 'nungguan', 4, '2022-12-07 19:31:49', '2022-12-07 19:32:03'),
(948, 'terlalu', 'teuing', 4, '2022-12-07 19:31:49', '2022-12-07 19:32:03'),
(949, 'lama', 'lila', 4, '2022-12-07 19:31:49', '2022-12-07 19:32:03'),
(950, 'mencari', 'pilari', 3, '2022-12-07 19:31:49', '2022-12-07 19:32:03'),
(951, 'akal', 'uteuk', 3, '2022-12-07 19:31:49', '2022-12-07 19:32:03'),
(952, 'opini', 'opini', 4, '2022-12-07 19:31:49', '2022-12-07 19:32:03'),
(953, 'suara', 'sora', 4, '2022-12-07 19:31:49', '2022-12-07 19:32:03'),
(954, 'membunuh', 'maehan', 4, '2022-12-07 19:31:49', '2022-12-07 19:32:03'),
(955, 'ayahnya', 'bapana', 4, '2022-12-07 19:31:49', '2022-12-07 19:32:03'),
(956, 'mencari', 'siar', 4, '2022-12-07 19:31:49', '2022-12-07 19:32:03'),
(957, 'akal', 'akal', 4, '2022-12-07 19:31:49', '2022-12-07 19:32:03'),
(958, 'semuanya', 'sadayana', 2, '2022-12-07 19:31:49', '2022-12-07 19:32:03'),
(959, 'jiwanya', 'jiwana', 2, '2022-12-07 19:31:49', '2022-12-07 19:32:03'),
(960, 'Raya', 'raya', 2, '2022-12-07 19:31:49', '2022-12-07 19:32:03'),
(961, 'merdeka', 'merdika', 2, '2022-12-07 19:31:49', '2022-12-07 19:32:03'),
(962, 'mengajukan', 'ngusulkeun', 4, '2022-12-07 19:31:49', '2022-12-07 19:32:03'),
(963, 'syarat', 'sarat', 4, '2022-12-07 19:31:49', '2022-12-07 19:32:03'),
(964, 'dibuatkan', 'dipangnyieunkeun', 4, '2022-12-07 19:31:49', '2022-12-07 19:32:03'),
(965, 'buah', 'buah', 4, '2022-12-07 19:31:49', '2022-12-07 19:32:03'),
(966, 'dua', 'dua', 4, '2022-12-07 19:31:49', '2022-12-07 19:32:03'),
(967, 'sumur', 'sumur', 4, '2022-12-07 19:31:49', '2022-12-07 19:32:03'),
(968, 'Semuanya', 'sarerea', 4, '2022-12-07 19:31:49', '2022-12-07 19:32:03'),
(969, 'harus', 'kudu', 4, '2022-12-07 19:31:49', '2022-12-07 19:32:03'),
(970, 'selesai', 'enggeus', 4, '2022-12-07 19:31:49', '2022-12-07 19:32:03'),
(971, 'semalam', 'sapeuting', 4, '2022-12-07 19:31:49', '2022-12-07 19:32:03'),
(972, 'Dorong', 'surung', 4, '2022-12-07 19:31:49', '2022-12-07 19:32:03'),
(973, 'melakukannya', 'ngalakonanana', 4, '2022-12-07 19:31:49', '2022-12-07 19:32:03'),
(974, 'menyerah', 'takluk', 4, '2022-12-07 19:31:49', '2022-12-07 19:32:03'),
(975, 'sebagai', 'minangka', 4, '2022-12-07 19:31:49', '2022-12-07 19:32:03'),
(976, 'juara', 'jawara', 4, '2022-12-07 19:31:49', '2022-12-07 19:32:03'),
(977, 'nantinya', 'engkena', 4, '2022-12-07 19:31:49', '2022-12-07 19:32:03'),
(978, 'menyanggupi', 'nyanggupan', 4, '2022-12-07 19:31:49', '2022-12-07 19:32:03'),
(979, 'persyaratan', 'pasaratan', 4, '2022-12-07 19:31:49', '2022-12-07 19:32:03'),
(980, 'meminta', 'menta', 4, '2022-12-07 19:31:49', '2022-12-07 19:32:03'),
(981, 'pertolongan', 'pitulung', 4, '2022-12-07 19:31:49', '2022-12-07 19:32:03'),
(982, 'kepada', 'ka', 4, '2022-12-07 19:31:49', '2022-12-07 19:32:03'),
(983, 'mengerahkan', 'ngaluarkeun', 4, '2022-12-07 19:31:49', '2022-12-07 19:32:03'),
(984, 'halus', 'lembut', 4, '2022-12-07 19:31:49', '2022-12-07 19:32:03'),
(985, 'ditentukan', 'dicindekkeun', 4, '2022-12-07 19:31:49', '2022-12-07 19:32:03'),
(986, 'Pukul', 'babuk', 4, '2022-12-07 19:31:49', '2022-12-07 19:32:03'),
(987, 'empat', 'opat', 4, '2022-12-07 19:31:49', '2022-12-07 19:32:03'),
(988, 'tinggal', 'sesa', 4, '2022-12-07 19:31:49', '2022-12-07 19:32:03'),
(989, 'lima', 'lima', 4, '2022-12-07 19:31:49', '2022-12-07 19:32:03'),
(990, 'belum', 'acan', 4, '2022-12-07 19:31:49', '2022-12-07 19:32:03'),
(991, 'kedua', 'kadua', 4, '2022-12-07 19:31:49', '2022-12-07 19:32:03'),
(992, 'hampir', 'ampir', 4, '2022-12-07 19:31:49', '2022-12-07 19:32:03'),
(993, 'Pujaan', 'pupujan hate', 2, '2022-12-07 19:31:49', '2022-12-07 19:32:03'),
(994, 'Tempat', 'tempat', 2, '2022-12-07 19:31:49', '2022-12-07 19:32:03'),
(995, 'ayah', 'bapa', 2, '2022-12-07 19:31:49', '2022-12-07 19:32:03'),
(996, 'bunda', 'indung', 2, '2022-12-07 19:31:49', '2022-12-07 19:32:03'),
(997, 'handai', 'babaturan', 2, '2022-12-07 19:31:49', '2022-12-07 19:32:03'),
(998, 'bercerai', 'pirak', 2, '2022-12-07 19:31:49', '2022-12-07 19:32:03'),
(999, 'Mengetahui', 'nyaho', 4, '2022-12-07 19:31:49', '2022-12-07 19:32:03'),
(1000, 'ketakutan', 'sieun', 4, '2022-12-07 19:31:49', '2022-12-07 19:32:03'),
(1001, 'cemas', 'hariwang', 4, '2022-12-07 19:31:49', '2022-12-07 19:32:03'),
(1002, 'membayangkan', 'ngabayangkeun', 4, '2022-12-07 19:31:49', '2022-12-07 19:32:03'),
(1003, 'menerima', 'narima', 4, '2022-12-07 19:31:49', '2022-12-07 19:32:03'),
(1004, 'orangtuanya', 'kolotna', 4, '2022-12-07 19:31:49', '2022-12-07 19:32:03'),
(1005, 'memang', 'saleresna', 4, '2022-12-07 19:31:49', '2022-12-07 19:32:03'),
(1006, 'terbaik', 'nyongcolang', 4, '2022-12-07 19:31:49', '2022-12-07 19:32:03'),
(1007, 'Terima', 'tampa', 4, '2022-12-07 19:31:49', '2022-12-07 19:32:03'),
(1008, 'adanya', 'kaayaan', 4, '2022-12-07 19:31:49', '2022-12-07 19:32:03'),
(1009, 'membangunkan', 'ngahudangkeun', 4, '2022-12-07 19:31:49', '2022-12-07 19:32:03'),
(1010, 'gadis-gadis', 'mojang', 4, '2022-12-07 19:31:49', '2022-12-07 19:32:03'),
(1011, 'Desa', 'desa', 4, '2022-12-07 19:31:49', '2022-12-07 19:32:03'),
(1012, 'memerintahkan', 'marentahkeun', 4, '2022-12-07 19:31:49', '2022-12-07 19:32:03'),
(1013, 'menghidupkan', 'ngahirupkeun', 4, '2022-12-07 19:31:49', '2022-12-07 19:32:03'),
(1014, 'obor-obor', 'obor', 4, '2022-12-07 19:31:49', '2022-12-07 19:32:03'),
(1015, 'membakar', 'ngabakar', 4, '2022-12-07 19:31:49', '2022-12-07 19:32:03'),
(1016, 'alu', 'halu', 4, '2022-12-07 19:31:49', '2022-12-07 19:32:03'),
(1017, 'lesung', 'lisung', 4, '2022-12-07 19:31:49', '2022-12-07 19:32:03'),
(1018, 'bunga-bunga', 'kembang', 4, '2022-12-07 19:31:49', '2022-12-07 19:32:03'),
(1019, 'harum', 'seungit', 4, '2022-12-07 19:31:49', '2022-12-07 19:32:03'),
(1020, 'adalah', 'nyaeta', 2, '2022-12-07 19:31:49', '2022-12-07 19:32:03'),
(1021, 'menghentikan', 'ngeureunkeun', 2, '2022-12-07 19:31:49', '2022-12-07 19:32:03'),
(1022, 'Maka', 'mangka', 2, '2022-12-07 19:31:49', '2022-12-07 19:32:03'),
(1023, 'pun', 'oge', 2, '2022-12-07 19:31:49', '2022-12-07 19:32:03'),
(1024, 'berakhir', 'lekasan', 2, '2022-12-07 19:31:49', '2022-12-07 19:32:03'),
(1025, 'berupaya', 'narekahan', 2, '2022-12-07 19:31:49', '2022-12-07 19:32:03'),
(1026, 'bangkit', 'ngorejat', 2, '2022-12-07 19:31:49', '2022-12-07 19:32:03'),
(1027, 'kata', 'sanggem', 2, '2022-12-07 19:31:49', '2022-12-07 19:32:03'),
(1028, 'bisa', 'tiasa', 2, '2022-12-07 19:31:49', '2022-12-07 19:32:03'),
(1029, 'menyerah', 'nyerah', 2, '2022-12-07 19:31:49', '2022-12-07 19:32:03'),
(1030, 'menghadapi', 'nyanghareupan', 2, '2022-12-07 19:31:49', '2022-12-07 19:32:03'),
(1031, 'masalah', 'masalah', 2, '2022-12-07 19:31:49', '2022-12-07 19:32:03'),
(1032, 'mengatakan', 'ngomong', 2, '2022-12-07 19:31:49', '2022-12-07 19:32:03'),
(1033, 'Kelak', 'jaga', 2, '2022-12-07 19:31:49', '2022-12-07 19:32:03'),
(1034, 'pelangi', 'katumbiri', 2, '2022-12-07 19:31:49', '2022-12-07 19:32:03'),
(1035, 'setelah', 'sanggeus', 2, '2022-12-07 19:31:49', '2022-12-07 19:32:03'),
(1036, 'hujan', 'hujan', 2, '2022-12-07 19:31:49', '2022-12-07 19:32:03'),
(1037, 'kebahagiaan', 'kabagjaan', 2, '2022-12-07 19:31:49', '2022-12-07 19:32:03'),
(1038, 'tangis', 'tangis', 2, '2022-12-07 19:31:49', '2022-12-07 19:32:03'),
(1039, 'panjang', 'paos', 2, '2022-12-07 19:31:49', '2022-12-07 19:32:03'),
(1040, 'boleh', 'kenging', 2, '2022-12-07 19:31:49', '2022-12-07 19:32:03'),
(1041, 'berada', 'aya', 2, '2022-12-07 19:31:49', '2022-12-07 19:32:03'),
(1042, 'posisi', 'posisi', 2, '2022-12-07 19:31:49', '2022-12-07 19:32:03'),
(1043, 'harus', 'kedah', 2, '2022-12-07 19:31:49', '2022-12-07 19:32:03'),
(1044, 'menjalani', 'ngajalanan', 2, '2022-12-07 19:31:49', '2022-12-07 19:32:03'),
(1045, 'Walaupun', 'sanaos', 2, '2022-12-07 19:31:49', '2022-12-07 19:32:03'),
(1046, 'kadang', 'sakapeung', 2, '2022-12-07 19:31:49', '2022-12-07 19:32:03'),
(1047, 'arti', 'hartos', 2, '2022-12-07 19:31:49', '2022-12-07 19:32:03'),
(1048, 'terang', 'caang', 4, '2022-12-07 19:31:49', '2022-12-07 19:32:03'),
(1049, 'merah', 'beureum', 4, '2022-12-07 19:31:49', '2022-12-07 19:32:03'),
(1050, 'memancar', 'mancer', 4, '2022-12-07 19:31:49', '2022-12-07 19:32:03'),
(1051, 'langit', 'langit', 4, '2022-12-07 19:31:49', '2022-12-07 19:32:03'),
(1052, 'antara', 'antara', 4, '2022-12-07 19:31:49', '2022-12-07 19:32:03'),
(1053, 'beribu', 'boga indung', 4, '2022-12-07 19:31:49', '2022-12-07 19:32:03'),
(1054, 'paling', 'pang', 4, '2022-12-07 19:31:49', '2022-12-07 19:32:03'),
(1055, 'Takkan', 'moal', 4, '2022-12-07 19:31:49', '2022-12-07 19:32:03'),
(1056, 'selain', 'jaba', 4, '2022-12-07 19:31:49', '2022-12-07 19:32:03'),
(1057, 'ya', 'muhun', 4, '2022-12-07 19:31:49', '2022-12-07 19:32:03'),
(1058, 'Ayam', 'hayam', 4, '2022-12-07 19:31:49', '2022-12-07 19:32:03'),
(1059, 'jantan', 'jalu', 4, '2022-12-07 19:31:49', '2022-12-07 19:32:03'),
(1060, 'bersahut-sahutan', 'ngajawab', 4, '2022-12-07 19:31:49', '2022-12-07 19:32:03'),
(1061, 'Mendengar', 'ngadenge', 4, '2022-12-07 19:31:49', '2022-12-07 19:32:03'),
(1062, 'para', 'para', 4, '2022-12-07 19:31:49', '2022-12-07 19:32:03'),
(1063, 'meninggalkan', 'ninggalkeun', 4, '2022-12-07 19:31:49', '2022-12-07 19:32:03'),
(1064, 'menyangka', 'nyana', 4, '2022-12-07 19:31:49', '2022-12-07 19:32:03'),
(1065, 'satu', 'hiji', 4, '2022-12-07 19:31:49', '2022-12-07 19:32:03'),
(1066, 'sebuah', 'hiji', 4, '2022-12-07 19:31:49', '2022-12-07 19:32:03'),
(1067, 'dibuat', 'dijieun', 4, '2022-12-07 19:31:49', '2022-12-07 19:32:03'),
(1068, 'sangat', 'pisan', 4, '2022-12-07 19:31:49', '2022-12-07 19:32:03'),
(1069, 'terkejut', 'kaget', 4, '2022-12-07 19:31:49', '2022-12-07 19:32:03'),
(1070, 'marah', 'ambek', 4, '2022-12-07 19:31:49', '2022-12-07 19:32:03'),
(1071, 'mengutuk', 'ngalaknat', 4, '2022-12-07 19:31:49', '2022-12-07 19:32:03'),
(1072, 'melengkapi', 'ngalengkepan', 4, '2022-12-07 19:31:49', '2022-12-07 19:32:03'),
(1073, 'Batu', 'karang', 4, '2022-12-07 19:31:49', '2022-12-07 19:32:03'),
(1074, 'diletakkan', 'ditendeun', 4, '2022-12-07 19:31:49', '2022-12-07 19:32:03'),
(1075, 'ruang', 'rohang', 4, '2022-12-07 19:31:49', '2022-12-07 19:32:03'),
(1076, 'kini', 'ayeuna', 4, '2022-12-07 19:31:49', '2022-12-07 19:32:03'),
(1077, 'tersebut', 'kasebut', 4, '2022-12-07 19:31:49', '2022-12-07 19:32:03'),
(1078, 'disebut', 'disebut', 4, '2022-12-07 19:31:49', '2022-12-07 19:32:03'),
(1079, 'Sementara', 'samentara', 4, '2022-12-07 19:31:49', '2022-12-07 19:32:03'),
(1080, 'sekitarnya', 'sakurilingna', 4, '2022-12-07 19:31:49', '2022-12-07 19:32:03'),
(1081, 'Seribu', 'sarebu', 4, '2022-12-07 19:31:49', '2022-12-07 19:32:03'),
(1082, 'meskipun', 'sanajan', 4, '2022-12-07 19:31:49', '2022-12-07 19:32:03'),
(1083, 'jumlahnya', 'jumlahna', 4, '2022-12-07 19:31:49', '2022-12-07 19:32:03'),
(1084, 'mencapai', 'ngahontal', 4, '2022-12-07 19:31:49', '2022-12-07 19:32:03'),
(1085, 'bahasa', 'nalika', 2, '2022-12-07 19:31:49', '2022-12-07 19:32:03'),
(1086, 'Pasti', 'tangtos', 2, '2022-12-07 19:31:49', '2022-12-07 19:32:03'),
(1087, 'jaya', 'jaya', 2, '2022-12-07 19:31:49', '2022-12-07 19:32:03'),
(1088, 'Selama-lamanya', 'lilana', 2, '2022-12-07 19:31:49', '2022-12-07 19:32:03'),
(1089, 'bela', 'bela', 2, '2022-12-07 19:31:49', '2022-12-07 19:32:03'),
(1090, 'seorang', 'saurang', 4, '2022-12-07 19:31:49', '2022-12-07 19:32:03'),
(1091, 'janda', 'randa', 4, '2022-12-07 19:31:49', '2022-12-07 19:32:03'),
(1092, 'menginginkan', 'hayang', 4, '2022-12-07 19:31:49', '2022-12-07 19:32:03'),
(1093, 'anak', 'anak', 4, '2022-12-07 19:31:49', '2022-12-07 19:32:03'),
(1094, 'oleh', 'ku', 4, '2022-12-07 19:31:49', '2022-12-07 19:32:03'),
(1095, 'raksasa', 'raksasa', 4, '2022-12-07 19:31:49', '2022-12-07 19:32:03'),
(1096, 'memberi', 'mikeun', 4, '2022-12-07 19:31:49', '2022-12-07 19:32:03'),
(1097, 'apabila', 'lamun', 4, '2022-12-07 19:31:49', '2022-12-07 19:32:03'),
(1098, 'dewasa', 'sawawa', 4, '2022-12-07 19:31:49', '2022-12-07 19:32:03'),
(1099, 'diserahkan', 'dibikeun', 4, '2022-12-07 19:31:49', '2022-12-07 19:32:03'),
(1100, 'Nabi', 'nabi', 2, '2022-12-07 19:31:49', '2022-12-07 19:32:03'),
(1101, 'lahir', 'wedal', 2, '2022-12-07 19:31:49', '2022-12-07 19:32:03'),
(1102, 'hari', 'dinten', 2, '2022-12-07 19:31:49', '2022-12-07 19:32:03'),
(1103, 'Senin', 'senen', 2, '2022-12-07 19:31:49', '2022-12-07 19:32:03'),
(1104, 'Awal', 'mimiti', 2, '2022-12-07 19:31:49', '2022-12-07 19:32:03'),
(1105, 'tahun', 'warsih', 2, '2022-12-07 19:31:49', '2022-12-07 19:32:03'),
(1106, 'lalu', 'kaliwat', 2, '2022-12-07 19:31:49', '2022-12-07 19:32:03'),
(1107, 'Rasul', 'rosul', 2, '2022-12-07 19:31:49', '2022-12-07 19:32:03'),
(1108, 'ibu', 'indung', 2, '2022-12-07 19:31:49', '2022-12-07 19:32:03'),
(1109, 'bernama', 'namina', 2, '2022-12-07 19:31:49', '2022-12-07 19:32:03'),
(1110, 'ayahnya', 'bapana', 2, '2022-12-07 19:31:49', '2022-12-07 19:32:03'),
(1111, 'Tipe', 'tipe', 4, '2022-12-07 19:31:49', '2022-12-07 19:32:03'),
(1112, 'gadis', 'mojang', 4, '2022-12-07 19:31:49', '2022-12-07 19:32:03'),
(1113, 'depan', 'hareup', 4, '2022-12-07 19:31:49', '2022-12-07 19:32:03'),
(1114, 'tersebut', 'kasebat', 2, '2022-12-07 19:31:49', '2022-12-07 19:32:03'),
(1115, 'disebut', 'disebut', 2, '2022-12-07 19:31:49', '2022-12-07 19:32:03'),
(1116, 'sebagai', 'minangka', 2, '2022-12-07 19:31:49', '2022-12-07 19:32:03'),
(1117, 'Gajah', 'gajah', 2, '2022-12-07 19:31:49', '2022-12-07 19:32:03'),
(1118, 'yakni', 'nyaeta', 2, '2022-12-07 19:31:49', '2022-12-07 19:32:03'),
(1119, 'ketika', 'sabot', 2, '2022-12-07 19:31:49', '2022-12-07 19:32:03'),
(1120, 'pasukan', 'pasukan', 2, '2022-12-07 19:31:49', '2022-12-07 19:32:03'),
(1121, 'bawah', 'handap', 2, '2022-12-07 19:31:49', '2022-12-07 19:32:03'),
(1122, 'pimpinan', 'pupuhu', 2, '2022-12-07 19:31:49', '2022-12-07 19:32:03'),
(1123, 'tengah', 'keur', 2, '2022-12-07 19:31:49', '2022-12-07 19:32:03'),
(1124, 'menyerang', 'narajang', 2, '2022-12-07 19:31:49', '2022-12-07 19:32:03'),
(1125, 'Allah', 'Allah', 2, '2022-12-07 19:31:49', '2022-12-07 19:32:03'),
(1126, 'aksi', 'aksi', 2, '2022-12-07 19:31:49', '2022-12-07 19:32:03'),
(1127, 'segala', 'saniskanten', 2, '2022-12-07 19:31:49', '2022-12-07 19:32:03'),
(1128, 'Burung', 'manuk', 2, '2022-12-07 19:31:49', '2022-12-07 19:32:03'),
(1129, 'batu-batu', 'batu', 2, '2022-12-07 19:31:49', '2022-12-07 19:32:03'),
(1130, 'mendatangkan', 'ngadatangkeun', 2, '2022-12-07 19:31:49', '2022-12-07 19:32:03'),
(1131, 'penyakit', 'panyakit', 2, '2022-12-07 19:31:49', '2022-12-07 19:32:03'),
(1132, 'setuju', 'satuju', 4, '2022-12-07 19:31:49', '2022-12-07 19:32:03'),
(1133, 'biji', 'siki', 4, '2022-12-07 19:31:49', '2022-12-07 19:32:03'),
(1134, 'dirawat', 'dirawat', 4, '2022-12-07 19:31:49', '2022-12-07 19:32:03'),
(1135, 'Setelah', 'sanggeus', 4, '2022-12-07 19:31:49', '2022-12-07 19:32:03'),
(1136, 'minggu', 'minggu', 4, '2022-12-07 19:31:49', '2022-12-07 19:32:03'),
(1137, 'emas', 'emas', 4, '2022-12-07 19:31:49', '2022-12-07 19:32:03'),
(1138, 'kelahiran', 'kalahiran', 2, '2022-12-07 19:31:49', '2022-12-07 19:32:03'),
(1139, 'memiliki', 'ngabogaan', 2, '2022-12-07 19:31:49', '2022-12-07 19:32:03'),
(1140, 'dibesarkan', 'digedean', 2, '2022-12-07 19:31:49', '2022-12-07 19:32:03'),
(1141, 'yatim', 'yatim', 2, '2022-12-07 19:31:49', '2022-12-07 19:32:03'),
(1142, 'meninggal', 'nilar', 2, '2022-12-07 19:31:49', '2022-12-07 19:32:03'),
(1143, 'dunia', 'dunya', 2, '2022-12-07 19:31:49', '2022-12-07 19:32:03'),
(1144, 'sebelum', 'sateuacan', 2, '2022-12-07 19:31:49', '2022-12-07 19:32:03'),
(1145, 'Semasa', 'sawaktu', 2, '2022-12-07 19:31:49', '2022-12-07 19:32:03'),
(1146, 'oleh', 'ku', 2, '2022-12-07 19:31:49', '2022-12-07 19:32:03'),
(1147, 'kakeknya', 'akina', 2, '2022-12-07 19:31:49', '2022-12-07 19:32:03'),
(1148, 'Janji', 'janji', 4, '2022-12-07 19:31:49', '2022-12-07 19:32:03'),
(1149, 'kita', 'urang', 4, '2022-12-07 19:31:49', '2022-12-07 19:32:03'),
(1150, 'terbagi', 'kabagi', 4, '2022-12-07 19:31:49', '2022-12-07 19:32:03'),
(1151, 'berganti', 'baganti', 4, '2022-12-07 19:31:49', '2022-12-07 19:32:03'),
(1152, 'tetap', 'angger', 4, '2022-12-07 19:31:49', '2022-12-07 19:32:03'),
(1153, 'Genggam', 'cengkel', 4, '2022-12-07 19:31:49', '2022-12-07 19:32:03'),
(1154, 'erat', 'reukeut', 4, '2022-12-07 19:31:49', '2022-12-07 19:32:03'),
(1155, 'Kan', 'pan', 4, '2022-12-07 19:31:49', '2022-12-07 19:32:03'),
(1156, 'damai', 'tengtrem', 4, '2022-12-07 19:31:49', '2022-12-07 19:32:03'),
(1157, 'berlalu', 'liwat', 4, '2022-12-07 19:31:49', '2022-12-07 19:32:03'),
(1158, 'hati-hati', 'hate', 4, '2022-12-07 19:31:49', '2022-12-07 19:32:03'),
(1159, 'membelah', 'meulah', 4, '2022-12-07 19:31:49', '2022-12-07 19:32:03'),
(1160, 'ternyata', 'tetela', 4, '2022-12-07 19:31:49', '2022-12-07 19:32:03'),
(1161, 'dalamnya', 'jerona', 4, '2022-12-07 19:31:49', '2022-12-07 19:32:03'),
(1162, 'terdapat', 'aya', 4, '2022-12-07 19:31:49', '2022-12-07 19:32:03'),
(1163, 'bayi', 'orok', 4, '2022-12-07 19:31:49', '2022-12-07 19:32:03'),
(1164, 'cantik', 'geulis', 4, '2022-12-07 19:31:49', '2022-12-07 19:32:03'),
(1165, 'diberi', 'dibere', 4, '2022-12-07 19:31:49', '2022-12-07 19:32:03'),
(1166, 'nama', 'ngaran', 4, '2022-12-07 19:31:49', '2022-12-07 19:32:03'),
(1167, 'tumbuh', 'jadi', 4, '2022-12-07 19:31:49', '2022-12-07 19:32:03'),
(1168, 'jelita', 'geulis', 4, '2022-12-07 19:31:49', '2022-12-07 19:32:03'),
(1169, 'menagih', 'nagih', 4, '2022-12-07 19:31:49', '2022-12-07 19:32:03'),
(1170, 'seorang', 'saurang', 2, '2022-12-07 19:31:49', '2022-12-07 19:32:03'),
(1171, 'ikhlas', 'cios', 2, '2022-12-07 19:31:49', '2022-12-07 19:32:03'),
(1172, 'menyusui', 'nginangan', 2, '2022-12-07 19:31:49', '2022-12-07 19:32:03'),
(1173, 'ASI-nya', 'na', 2, '2022-12-07 19:31:49', '2022-12-07 19:32:03'),
(1174, 'sulit', 'sesah', 2, '2022-12-07 19:31:49', '2022-12-07 19:32:03'),
(1175, 'keluar', 'kajabi', 2, '2022-12-07 19:31:49', '2022-12-07 19:32:03'),
(1176, 'Namun', 'nanging', 2, '2022-12-07 19:31:49', '2022-12-07 19:32:03'),
(1177, 'diberi', 'dibere', 2, '2022-12-07 19:31:49', '2022-12-07 19:32:03'),
(1178, 'balasan', 'balesan', 2, '2022-12-07 19:31:49', '2022-12-07 19:32:03'),
(1179, 'keadaan', 'kaayaan', 2, '2022-12-07 19:31:49', '2022-12-07 19:32:03'),
(1180, 'rumah', 'imah', 2, '2022-12-07 19:31:49', '2022-12-07 19:32:03'),
(1181, 'Abu', 'lebu', 2, '2022-12-07 19:31:49', '2022-12-07 19:32:03'),
(1182, 'tumbuh', 'tumuwuh', 2, '2022-12-07 19:31:49', '2022-12-07 19:32:03'),
(1183, 'kehidupannya', 'kahirupanana', 2, '2022-12-07 19:31:49', '2022-12-07 19:32:03'),
(1184, 'seperti', 'sepertos', 2, '2022-12-07 19:31:49', '2022-12-07 19:32:03'),
(1185, 'umumnya', 'umumna', 2, '2022-12-07 19:31:49', '2022-12-07 19:32:03'),
(1186, 'Adanya', 'kitu kaayaanana', 2, '2022-12-07 19:31:49', '2022-12-07 19:32:03'),
(1187, 'tradisi', 'talari', 2, '2022-12-07 19:31:49', '2022-12-07 19:32:03'),
(1188, 'zaman', 'jaman', 2, '2022-12-07 19:31:49', '2022-12-07 19:32:03'),
(1189, 'dahulu', 'kapungkur', 2, '2022-12-07 19:31:49', '2022-12-07 19:32:03'),
(1190, 'ibunya', 'indungna', 2, '2022-12-07 19:31:49', '2022-12-07 19:32:03'),
(1191, 'kemudian', 'saterusna', 2, '2022-12-07 19:31:49', '2022-12-07 19:32:03'),
(1192, 'biji', 'siki', 2, '2022-12-07 19:31:49', '2022-12-07 19:32:03'),
(1193, 'ajaib', 'ajaib', 2, '2022-12-07 19:31:49', '2022-12-07 19:32:03'),
(1194, 'lebat', 'leubeut', 2, '2022-12-07 19:31:49', '2022-12-07 19:32:03'),
(1195, 'buahnya', 'buahna', 2, '2022-12-07 19:31:49', '2022-12-07 19:32:03'),
(1196, 'buah', 'buah', 2, '2022-12-07 19:31:49', '2022-12-07 19:32:03'),
(1197, 'menambah', 'nambahan', 2, '2022-12-07 19:31:49', '2022-12-07 19:32:03'),
(1198, 'tenaga', 'tanagi', 2, '2022-12-07 19:31:49', '2022-12-07 19:32:03'),
(1199, 'raksasa', 'raksasa', 2, '2022-12-07 19:31:49', '2022-12-07 19:32:03'),
(1200, 'emas', 'emas', 2, '2022-12-07 19:31:49', '2022-12-07 19:32:03'),
(1201, 'jarum', 'jarum', 2, '2022-12-07 19:31:49', '2022-12-07 19:32:03'),
(1202, 'sekejap', 'sakedap', 2, '2022-12-07 19:31:49', '2022-12-07 19:32:03'),
(1203, 'pohon-pohon', 'tangkal', 2, '2022-12-07 19:31:49', '2022-12-07 19:32:03'),
(1204, 'bambu', 'awi', 2, '2022-12-07 19:31:49', '2022-12-07 19:32:03'),
(1205, 'tinggi', 'luhur', 2, '2022-12-07 19:31:49', '2022-12-07 19:32:03'),
(1206, 'tajam', 'seukeut', 2, '2022-12-07 19:31:49', '2022-12-07 19:32:03'),
(1207, 'sehingga', 'ku kituna', 2, '2022-12-07 19:31:49', '2022-12-07 19:32:03'),
(1208, 'kaki', 'suku', 2, '2022-12-07 19:31:49', '2022-12-07 19:32:03'),
(1209, 'berdarah-darah', 'getih', 2, '2022-12-07 19:31:49', '2022-12-07 19:32:03'),
(1210, 'pegang', 'cepeng', 2, '2022-12-07 19:31:49', '2022-12-07 19:32:03'),
(1211, 'terasa', 'karasaeun', 2, '2022-12-07 19:31:49', '2022-12-07 19:32:03'),
(1212, 'tetap', 'angger', 2, '2022-12-07 19:31:49', '2022-12-07 19:32:03'),
(1213, 'terbayang', 'kabayang', 2, '2022-12-07 19:31:49', '2022-12-07 19:32:03'),
(1214, 'merasakan', 'ngarasakeun', 2, '2022-12-07 19:31:49', '2022-12-07 19:32:03'),
(1215, 'berumur', 'tos yuswaan', 2, '2022-12-07 19:31:49', '2022-12-07 19:32:03'),
(1216, 'Hal', 'perkawis', 2, '2022-12-07 19:31:49', '2022-12-07 19:32:03'),
(1217, 'justru', 'malahan', 2, '2022-12-07 19:31:49', '2022-12-07 19:32:03'),
(1218, 'baik', 'sae', 2, '2022-12-07 19:31:49', '2022-12-07 19:32:03'),
(1219, 'cerdas', 'calakan', 2, '2022-12-07 19:31:49', '2022-12-07 19:32:03'),
(1220, 'Menjelang', 'nyanghareupan', 2, '2022-12-07 19:31:49', '2022-12-07 19:32:03'),
(1221, 'usia', 'umur', 2, '2022-12-07 19:31:49', '2022-12-07 19:32:03'),
(1222, 'dewasa', 'sawawa', 2, '2022-12-07 19:31:49', '2022-12-07 19:32:03'),
(1223, 'semakin', 'beuki', 2, '2022-12-07 19:31:49', '2022-12-07 19:32:03'),
(1224, 'menekuni', 'ngaleukeunan', 2, '2022-12-07 19:31:49', '2022-12-07 19:32:03'),
(1225, 'bisnis', 'bisnis', 2, '2022-12-07 19:31:49', '2022-12-07 19:32:03'),
(1226, 'berdagang', 'balantik', 2, '2022-12-07 19:31:49', '2022-12-07 19:32:03'),
(1227, 'kawan', 'rencang', 2, '2022-12-07 19:31:49', '2022-12-07 19:32:03'),
(1228, 'berusia', 'umurna', 2, '2022-12-07 19:31:49', '2022-12-07 19:32:03'),
(1229, 'kerja', 'damel', 2, '2022-12-07 19:31:49', '2022-12-07 19:32:03'),
(1230, 'sama', 'sami', 2, '2022-12-07 19:31:49', '2022-12-07 19:32:03'),
(1231, 'wanita', 'wanoja', 2, '2022-12-07 19:31:49', '2022-12-07 19:32:03'),
(1232, 'kaya', 'jegud', 2, '2022-12-07 19:31:49', '2022-12-07 19:32:03'),
(1233, 'memang', 'saleresna', 2, '2022-12-07 19:31:49', '2022-12-07 19:32:03'),
(1234, 'Perempuan', 'awewe', 2, '2022-12-07 19:31:49', '2022-12-07 19:32:03'),
(1235, 'biasa', 'dawam', 2, '2022-12-07 19:31:49', '2022-12-07 19:32:03'),
(1236, 'membiayai', 'ngabiayaan', 2, '2022-12-07 19:31:49', '2022-12-07 19:32:03'),
(1237, 'perdagangan', 'perdagangan', 2, '2022-12-07 19:31:49', '2022-12-07 19:32:03'),
(1238, 'membagi', 'ngabagi', 2, '2022-12-07 19:31:49', '2022-12-07 19:32:03'),
(1239, 'keuntungan', 'kauntungan', 2, '2022-12-07 19:31:49', '2022-12-07 19:32:03'),
(1240, 'alasan', 'alesan', 2, '2022-12-07 19:31:49', '2022-12-07 19:32:03'),
(1241, 'bagi', 'kanggo', 2, '2022-12-07 19:31:49', '2022-12-07 19:32:03'),
(1242, 'berdua', 'duaan', 2, '2022-12-07 19:31:49', '2022-12-07 19:32:03'),
(1243, 'melakukan', 'ngalakukeun', 2, '2022-12-07 19:31:49', '2022-12-07 19:32:03'),
(1244, 'dagang', 'dagang', 2, '2022-12-07 19:31:49', '2022-12-07 19:32:03'),
(1245, 'memulai', 'mitembeyan', 2, '2022-12-07 19:31:49', '2022-12-07 19:32:03'),
(1246, 'secara', 'sacara', 2, '2022-12-07 19:31:49', '2022-12-07 19:32:03'),
(1247, 'terang-terangan', 'caang', 2, '2022-12-07 19:31:49', '2022-12-07 19:32:03'),
(1248, 'keluarga', 'kulawargi', 2, '2022-12-07 19:31:49', '2022-12-07 19:32:03'),
(1249, 'paling', 'nu mawi', 2, '2022-12-07 19:31:49', '2022-12-07 19:32:03'),
(1250, 'dekat', 'caket', 2, '2022-12-07 19:31:49', '2022-12-07 19:32:03'),
(1251, 'yaitu', 'yaktos', 2, '2022-12-07 19:31:49', '2022-12-07 19:32:03'),
(1252, 'kalangan', 'golongan', 2, '2022-12-07 19:31:49', '2022-12-07 19:32:03'),
(1253, 'menerima', 'nampi', 2, '2022-12-07 19:31:49', '2022-12-07 19:32:03'),
(1254, 'memutuskan', 'megatkeun', 2, '2022-12-07 19:31:49', '2022-12-07 19:32:03'),
(1255, 'beriman', 'boga iman', 2, '2022-12-07 19:31:49', '2022-12-07 19:32:03'),
(1256, 'kepada', 'ka', 2, '2022-12-07 19:31:49', '2022-12-07 19:32:03'),
(1257, 'Sementara', 'samentara', 2, '2022-12-07 19:31:49', '2022-12-07 19:32:03'),
(1258, 'ikut', 'ngiring', 2, '2022-12-07 19:31:49', '2022-12-07 19:32:03'),
(1259, 'melindungi', 'nangtayungan', 2, '2022-12-07 19:31:49', '2022-12-07 19:32:03'),
(1265, 'aku', 'urang', 2, '2022-12-07 20:24:38', '2022-12-07 20:24:38'),
(1266, 'main', 'ulin', 2, '2022-12-09 05:23:20', '2022-12-09 05:23:20');

--
-- Indexes for dumped tables
--

--
-- Indexes for table `admin`
--
ALTER TABLE `admin`
  ADD PRIMARY KEY (`id`);

--
-- Indexes for table `lang_type`
--
ALTER TABLE `lang_type`
  ADD PRIMARY KEY (`id`);

--
-- Indexes for table `log`
--
ALTER TABLE `log`
  ADD PRIMARY KEY (`id`),
  ADD KEY `author` (`author_id`);

--
-- Indexes for table `word`
--
ALTER TABLE `word`
  ADD PRIMARY KEY (`id`),
  ADD KEY `type_id` (`type_id`);

--
-- AUTO_INCREMENT for dumped tables
--

--
-- AUTO_INCREMENT for table `admin`
--
ALTER TABLE `admin`
  MODIFY `id` int(11) NOT NULL AUTO_INCREMENT, AUTO_INCREMENT=3;

--
-- AUTO_INCREMENT for table `log`
--
ALTER TABLE `log`
  MODIFY `id` int(11) NOT NULL AUTO_INCREMENT, AUTO_INCREMENT=15;

--
-- AUTO_INCREMENT for table `word`
--
ALTER TABLE `word`
  MODIFY `id` int(100) NOT NULL AUTO_INCREMENT, AUTO_INCREMENT=1267;

--
-- Constraints for dumped tables
--

--
-- Constraints for table `log`
--
ALTER TABLE `log`
  ADD CONSTRAINT `log_ibfk_1` FOREIGN KEY (`author_id`) REFERENCES `admin` (`id`);

--
-- Constraints for table `word`
--
ALTER TABLE `word`
  ADD CONSTRAINT `word_ibfk_1` FOREIGN KEY (`type_id`) REFERENCES `lang_type` (`id`);
COMMIT;

/*!40101 SET CHARACTER_SET_CLIENT=@OLD_CHARACTER_SET_CLIENT */;
/*!40101 SET CHARACTER_SET_RESULTS=@OLD_CHARACTER_SET_RESULTS */;
/*!40101 SET COLLATION_CONNECTION=@OLD_COLLATION_CONNECTION */;
